ID,Qatar Related,Geography,Politics & Conflict,Health & Wellbeing,Science,Sports
jiRadWgPKa2i51Xl,0,G-4,NO_POLITICS,NO_HEALTH,NO_SCIENCE,NO_SPORTS
IoKhm6KjwCkwEnAZ,0,G-4,NO_POLITICS,NO_HEALTH,NO_SCIENCE,NO_SPORTS
ZihSiR1hnDU6w7Lz,0,G-4,NO_POLITICS,NO_HEALTH,NO_SCIENCE,NO_SPORTS
X72YJR7IVU7CCKbh,0,G-4,NO_POLITICS,NO_HEALTH,NO_SCIENCE,NO_SPORTS
TpxFAGsHEekF2MpS,0,G-4,NO_POLITICS,NO_HEALTH,NO_SCIENCE,NO_SPORTS
5yMi2iGblsaKEf3a,0,G-4,NO_POLITICS,NO_HEALTH,NO_SCIENCE,NO_SPORTS
HI94q4KffiYZI489,0,G-4,NO_POLITICS,NO_HEALTH,NO_SCIENCE,NO_SPORTS
bW5j7uNLL18myHlg,0,G-4,NO_POLITICS,NO_HEALTH,NO_SCIENCE,NO_SPORTS
29B6FZZR67pP440u,0,G-4,NO_POLITICS,NO_HEALTH,NO_SCIENCE,NO_SPORTS
VJA0AnkbOnWF9xAa,0,G-4,NO_POLITICS,NO_HEALTH,NO_SCIENCE,NO_SPORTS
CaiuQQSRTpfduo49,0,G-4,NO_POLITICS,NO_HEALTH,NO_SCIENCE,NO_SPORTS
gD7jHu7NH1dvhKdY,0,G-4,NO_POLITICS,NO_HEALTH,NO_SCIENCE,NO_SPORTS
lnv24LJ3R2ljYbcH,0,G-4,NO_POLITICS,NO_HEALTH,NO_SCIENCE,NO_SPORTS
PdxFZQuF4boVGIuu,0,G-4,NO_POLITICS,NO_HEALTH,NO_SCIENCE,NO_SPORTS
iwGeCCbKaBfvkSIl,0,G-4,NO_POLITICS,NO_HEALTH,NO_SCIENCE,NO_SPORTS
dBTQCV7k62hU3CNj,0,G-4,NO_POLITICS,NO_HEALTH,NO_SCIENCE,NO_SPORTS
fHlTbRgsrCbmGJUl,0,G-4,NO_POLITICS,NO_HEALTH,NO_SCIENCE,NO_SPORTS
VpHBzD0cNZ0G63Z3,0,G-4,NO_POLITICS,NO_HEALTH,NO_SCIENCE,NO_SPORTS
R4EwsZL0C2d7jOCL,0,G-4,NO_POLITICS,NO_HEALTH,NO_SCIENCE,NO_SPORTS
FNsqrvztccdUnD4g,0,G-4,NO_POLITICS,NO_HEALTH,NO_SCIENCE,NO_SPORTS
b474R7DRrF56h6B0,0,G-4,NO_POLITICS,NO_HEALTH,NO_SCIENCE,NO_SPORTS
BKjSiG7AVnVRDpPg,0,G-4,NO_POLITICS,NO_HEALTH,NO_SCIENCE,NO_SPORTS
CNwqlRkrPQdkMgtX,0,G-4,NO_POLITICS,NO_HEALTH,NO_SCIENCE,NO_SPORTS
FWNVpOJVzIdxuvb0,0,G-4,NO_POLITICS,NO_HEALTH,NO_SCIENCE,NO_SPORTS
sTaSEaTQxjF4dS4U,0,G-4,NO_POLITICS,NO_HEALTH,NO_SCIENCE,NO_SPORTS
3gJGd5Zf2boZYW1n,0,G-4,NO_POLITICS,NO_HEALTH,NO_SCIENCE,NO_SPORTS
jd39CUAJxlDEl20U,0,G-4,NO_POLITICS,NO_HEALTH,NO_SCIENCE,NO_SPORTS
HB3JxcyrQuIb3v5v,0,G-4,NO_POLITICS,NO_HEALTH,NO_SCIENCE,NO_SPORTS
7Kl3jtTDslNVdrpV,0,G-4,NO_POLITICS,NO_HEALTH,NO_SCIENCE,NO_SPORTS
xQflb11yZ12iIA0I,0,G-4,NO_POLITICS,NO_HEALTH,NO_SCIENCE,NO_SPORTS
QAlAwhPOhYoO08ir,0,G-4,NO_POLITICS,NO_HEALTH,NO_SCIENCE,NO_SPORTS
HdKFaDMVG7MhNdEm,0,G-4,NO_POLITICS,NO_HEALTH,NO_SCIENCE,NO_SPORTS
FYD0hgiJeCU5beil,0,G-4,NO_POLITICS,NO_HEALTH,NO_SCIENCE,NO_SPORTS
qesye3WK7ieL0ifh,0,G-4,NO_POLITICS,NO_HEALTH,NO_SCIENCE,NO_SPORTS
Aez2tEtkl59y48G7,0,G-4,NO_POLITICS,NO_HEALTH,NO_SCIENCE,NO_SPORTS
rXAYaqibOVeC4jMI,0,G-4,NO_POLITICS,NO_HEALTH,NO_SCIENCE,NO_SPORTS
kDRumZZgnbDrp3Qd,0,G-4,NO_POLITICS,NO_HEALTH,NO_SCIENCE,NO_SPORTS
NAxvpCPZygFP0xOL,0,G-4,NO_POLITICS,NO_HEALTH,NO_SCIENCE,NO_SPORTS
PXVUwKSnm0rpNDpD,0,G-4,NO_POLITICS,NO_HEALTH,NO_SCIENCE,NO_SPORTS
nEtoalBY0FuCldIu,0,G-4,NO_POLITICS,NO_HEALTH,NO_SCIENCE,NO_SPORTS
hgmmqGmRscEm5uaP,0,G-4,NO_POLITICS,NO_HEALTH,NO_SCIENCE,NO_SPORTS
Relt9kNKLFrAZTGO,0,G-4,NO_POLITICS,NO_HEALTH,NO_SCIENCE,NO_SPORTS
OUOUeehjh5HSHGSf,0,G-4,NO_POLITICS,NO_HEALTH,NO_SCIENCE,NO_SPORTS
ANmLj7hFgMm6YYV4,0,G-4,NO_POLITICS,NO_HEALTH,NO_SCIENCE,NO_SPORTS
bB3jMFstMF7ywseH,0,G-4,NO_POLITICS,NO_HEALTH,NO_SCIENCE,NO_SPORTS
clgoezzsbiNj7sAB,0,G-4,NO_POLITICS,NO_HEALTH,NO_SCIENCE,NO_SPORTS
Z8um0CP091aqlaHO,0,G-4,NO_POLITICS,NO_HEALTH,NO_SCIENCE,NO_SPORTS
kcxKYwYHf5JEJgz0,0,G-4,NO_POLITICS,NO_HEALTH,NO_SCIENCE,NO_SPORTS
El3YtmuDIQhkYasx,0,G-4,NO_POLITICS,NO_HEALTH,NO_SCIENCE,NO_SPORTS
grhqB2r49U5Pim0U,0,G-4,NO_POLITICS,NO_HEALTH,NO_SCIENCE,NO_SPORTS
kfitnMgC3jdMeiN4,0,G-4,NO_POLITICS,NO_HEALTH,NO_SCIENCE,NO_SPORTS
NUEb1IxkeDSOd0Lx,0,G-4,NO_POLITICS,NO_HEALTH,NO_SCIENCE,NO_SPORTS
mQeLAwN1QsUNTZUv,0,G-4,NO_POLITICS,NO_HEALTH,NO_SCIENCE,NO_SPORTS
5AaYI1orRx01Jpwi,0,G-4,NO_POLITICS,NO_HEALTH,NO_SCIENCE,NO_SPORTS
sYHlwbuNKwcTpffT,0,G-4,NO_POLITICS,NO_HEALTH,NO_SCIENCE,NO_SPORTS
YfLQqmvoi7968lwd,0,G-4,NO_POLITICS,NO_HEALTH,NO_SCIENCE,NO_SPORTS
PX4gfjlGYqyxzJ9o,0,G-4,NO_POLITICS,NO_HEALTH,NO_SCIENCE,NO_SPORTS
WfUekoSV6QciNYP2,0,G-4,NO_POLITICS,NO_HEALTH,NO_SCIENCE,NO_SPORTS
3ePzIO63gWsqDRdK,0,G-4,NO_POLITICS,NO_HEALTH,NO_SCIENCE,NO_SPORTS
sXtTfVc0PkwBM2fY,0,G-4,NO_POLITICS,NO_HEALTH,NO_SCIENCE,NO_SPORTS
TZLFRLllmKkI5FbQ,0,G-4,NO_POLITICS,NO_HEALTH,NO_SCIENCE,NO_SPORTS
dIThTEYpFGYGVZuQ,0,G-4,NO_POLITICS,NO_HEALTH,NO_SCIENCE,NO_SPORTS
2O87qfu4xVkhBqcN,0,G-4,NO_POLITICS,NO_HEALTH,NO_SCIENCE,NO_SPORTS
dgijhWzm4Ow4aCNB,0,G-4,NO_POLITICS,NO_HEALTH,NO_SCIENCE,NO_SPORTS
MqHNYhKp6PmpkSO7,0,G-4,NO_POLITICS,NO_HEALTH,NO_SCIENCE,NO_SPORTS
6ubeo24iqAR0WC7c,0,G-4,NO_POLITICS,NO_HEALTH,NO_SCIENCE,NO_SPORTS
xAnxUy8IUmMXY2nd,0,G-4,NO_POLITICS,NO_HEALTH,NO_SCIENCE,NO_SPORTS
BH09AJFDSbhDzNch,0,G-4,NO_POLITICS,NO_HEALTH,NO_SCIENCE,NO_SPORTS
W2VygMcNCHKuJegI,0,G-4,NO_POLITICS,NO_HEALTH,NO_SCIENCE,NO_SPORTS
3CfT45Vmut9ERDrc,0,G-4,NO_POLITICS,NO_HEALTH,NO_SCIENCE,NO_SPORTS
WmR0p3D7VATZgKUJ,0,G-4,NO_POLITICS,NO_HEALTH,NO_SCIENCE,NO_SPORTS
bnv8ISb9CKhjnOSS,0,G-4,NO_POLITICS,NO_HEALTH,NO_SCIENCE,NO_SPORTS
clvQ0oBR4giT6IBw,0,G-4,NO_POLITICS,NO_HEALTH,NO_SCIENCE,NO_SPORTS
pYyLJ6AMY1OZNVUP,0,G-4,NO_POLITICS,NO_HEALTH,NO_SCIENCE,NO_SPORTS
xdR1TQFUGcgNl86G,0,G-4,NO_POLITICS,NO_HEALTH,NO_SCIENCE,NO_SPORTS
SKqWNyDLzErVgpEM,0,G-4,NO_POLITICS,NO_HEALTH,NO_SCIENCE,NO_SPORTS
d0DB4BtPX3L9ukcq,0,G-4,NO_POLITICS,NO_HEALTH,NO_SCIENCE,NO_SPORTS
xjohW4xKqt2qnE5X,0,G-4,NO_POLITICS,NO_HEALTH,NO_SCIENCE,NO_SPORTS
L0db5ydce7YPUfue,0,G-4,NO_POLITICS,NO_HEALTH,NO_SCIENCE,NO_SPORTS
poyArgY4rLv2CvpY,0,G-4,NO_POLITICS,NO_HEALTH,NO_SCIENCE,NO_SPORTS
zIiYwRuNDH0T6zFu,0,G-4,NO_POLITICS,NO_HEALTH,NO_SCIENCE,NO_SPORTS
x6X7SnRg4VW74nsi,0,G-4,NO_POLITICS,NO_HEALTH,NO_SCIENCE,NO_SPORTS
Q5GNAX5VoVgGHzBP,0,G-4,NO_POLITICS,NO_HEALTH,NO_SCIENCE,NO_SPORTS
83wSZtlKNjjyKiVn,0,G-4,NO_POLITICS,NO_HEALTH,NO_SCIENCE,NO_SPORTS
xsbRfA2kkoseFfJY,0,G-4,NO_POLITICS,NO_HEALTH,NO_SCIENCE,NO_SPORTS
LGeajjXO2PYsTGXf,0,G-4,NO_POLITICS,NO_HEALTH,NO_SCIENCE,NO_SPORTS
QO9IEitBdwaiY7FE,0,G-4,NO_POLITICS,NO_HEALTH,NO_SCIENCE,NO_SPORTS
M6EAA9dMycot7b1u,0,G-4,NO_POLITICS,NO_HEALTH,NO_SCIENCE,NO_SPORTS
ps95W6HDLrCRBtqe,0,G-4,NO_POLITICS,NO_HEALTH,NO_SCIENCE,NO_SPORTS
sogwkg8zUNkpylKF,0,G-4,NO_POLITICS,NO_HEALTH,NO_SCIENCE,NO_SPORTS
R5szGKTjnFyo16bg,0,G-4,NO_POLITICS,NO_HEALTH,NO_SCIENCE,NO_SPORTS
pZat3hrbVLWHlXbm,0,G-4,NO_POLITICS,NO_HEALTH,NO_SCIENCE,NO_SPORTS
ZRsI0A3evZ3YiQ78,0,G-4,NO_POLITICS,NO_HEALTH,NO_SCIENCE,NO_SPORTS
2fOp5BzgGJ8jV4NV,0,G-4,NO_POLITICS,NO_HEALTH,NO_SCIENCE,NO_SPORTS
MKDaQloUBTnpcne9,0,G-4,NO_POLITICS,NO_HEALTH,NO_SCIENCE,NO_SPORTS
QJ4KsTJedVvYz11o,0,G-4,NO_POLITICS,NO_HEALTH,NO_SCIENCE,NO_SPORTS
EPyRgzAbCIasN3Mc,0,G-4,NO_POLITICS,NO_HEALTH,NO_SCIENCE,NO_SPORTS
Uoggydd1LumbkUH3,0,G-4,NO_POLITICS,NO_HEALTH,NO_SCIENCE,NO_SPORTS
RWExy4eQFLJmpMRM,0,G-4,NO_POLITICS,NO_HEALTH,NO_SCIENCE,NO_SPORTS
IIl92EtEfonGa4mi,0,G-4,NO_POLITICS,NO_HEALTH,NO_SCIENCE,NO_SPORTS
eghRKtLVH0giryO7,0,G-4,NO_POLITICS,NO_HEALTH,NO_SCIENCE,NO_SPORTS
GkiqmzJ0S8PQE6pj,0,G-4,NO_POLITICS,NO_HEALTH,NO_SCIENCE,NO_SPORTS
oHBWPhVnLtw5NjuJ,0,G-4,NO_POLITICS,NO_HEALTH,NO_SCIENCE,NO_SPORTS
je1S1u8mlwHKABjw,0,G-4,NO_POLITICS,NO_HEALTH,NO_SCIENCE,NO_SPORTS
OdP3jf4W6fGC9DJq,0,G-4,NO_POLITICS,NO_HEALTH,NO_SCIENCE,NO_SPORTS
DsmcmvQraO5lF5pU,0,G-4,NO_POLITICS,NO_HEALTH,NO_SCIENCE,NO_SPORTS
u9E70bYxfAPx69vD,0,G-4,NO_POLITICS,NO_HEALTH,NO_SCIENCE,NO_SPORTS
STzV26q7mV8PP4Po,0,G-4,NO_POLITICS,NO_HEALTH,NO_SCIENCE,NO_SPORTS
doCr4I8ct15pcU37,0,G-4,NO_POLITICS,NO_HEALTH,NO_SCIENCE,NO_SPORTS
XMeZcwhfqCZW4JVw,0,G-4,NO_POLITICS,NO_HEALTH,NO_SCIENCE,NO_SPORTS
qO8avFu2D6kyrtKa,0,G-4,NO_POLITICS,NO_HEALTH,NO_SCIENCE,NO_SPORTS
HqtXkNX2ukZ9kiCy,0,G-4,NO_POLITICS,NO_HEALTH,NO_SCIENCE,NO_SPORTS
0alsWc0cBra1Ixxl,0,G-4,NO_POLITICS,NO_HEALTH,NO_SCIENCE,NO_SPORTS
2YOVj7GTO5vWvw1A,0,G-4,NO_POLITICS,NO_HEALTH,NO_SCIENCE,NO_SPORTS
EX8jwFn8QeESJAAY,0,G-4,NO_POLITICS,NO_HEALTH,NO_SCIENCE,NO_SPORTS
CuEiQuiNbeH4ZBcM,0,G-4,NO_POLITICS,NO_HEALTH,NO_SCIENCE,NO_SPORTS
LgR0OVSnBovCzfAP,0,G-4,NO_POLITICS,NO_HEALTH,NO_SCIENCE,NO_SPORTS
kOdPwuboub15eEeA,0,G-4,NO_POLITICS,NO_HEALTH,NO_SCIENCE,NO_SPORTS
B8YbLuP5HMQ3m5Gx,0,G-4,NO_POLITICS,NO_HEALTH,NO_SCIENCE,NO_SPORTS
L7mFw8EG0W8jl0Ib,0,G-4,NO_POLITICS,NO_HEALTH,NO_SCIENCE,NO_SPORTS
r4F3F2elUUOlCuU4,0,G-4,NO_POLITICS,NO_HEALTH,NO_SCIENCE,NO_SPORTS
zkS6LFeBuzf5R1sG,0,G-4,NO_POLITICS,NO_HEALTH,NO_SCIENCE,NO_SPORTS
XYNBAuJPkYng4zo8,0,G-4,NO_POLITICS,NO_HEALTH,NO_SCIENCE,NO_SPORTS
9YCVu4rhYmEdmCN7,0,G-4,NO_POLITICS,NO_HEALTH,NO_SCIENCE,NO_SPORTS
etnyKJ3NA8vLJWQg,0,G-4,NO_POLITICS,NO_HEALTH,NO_SCIENCE,NO_SPORTS
ueJjLrxnbKT5bEO4,0,G-4,NO_POLITICS,NO_HEALTH,NO_SCIENCE,NO_SPORTS
Sb9ITR3v8SvNSOYK,0,G-4,NO_POLITICS,NO_HEALTH,NO_SCIENCE,NO_SPORTS
yl6PXxi8cBCkIZT6,0,G-4,NO_POLITICS,NO_HEALTH,NO_SCIENCE,NO_SPORTS
G7kxigzmLEpBaPSu,0,G-4,NO_POLITICS,NO_HEALTH,NO_SCIENCE,NO_SPORTS
flcLBehgypBb5D66,0,G-4,NO_POLITICS,NO_HEALTH,NO_SCIENCE,NO_SPORTS
bi17CFSEOTRhyD8s,0,G-4,NO_POLITICS,NO_HEALTH,NO_SCIENCE,NO_SPORTS
J3XhE3hK4Etw5yls,0,G-4,NO_POLITICS,NO_HEALTH,NO_SCIENCE,NO_SPORTS
k81f1E9KZrTTpuJ3,0,G-4,NO_POLITICS,NO_HEALTH,NO_SCIENCE,NO_SPORTS
i9HPvpBA3oUHHeAU,0,G-4,NO_POLITICS,NO_HEALTH,NO_SCIENCE,NO_SPORTS
9vh0B6q9XfYedoMv,0,G-4,NO_POLITICS,NO_HEALTH,NO_SCIENCE,NO_SPORTS
WT5O775ukJJMT27T,0,G-4,NO_POLITICS,NO_HEALTH,NO_SCIENCE,NO_SPORTS
Owa2LoPD0gHy7Kjt,0,G-4,NO_POLITICS,NO_HEALTH,NO_SCIENCE,NO_SPORTS
bRC0N21Ad0M4f7nG,0,G-4,NO_POLITICS,NO_HEALTH,NO_SCIENCE,NO_SPORTS
ZJVPuvVdmZHPRWwM,0,G-4,NO_POLITICS,NO_HEALTH,NO_SCIENCE,NO_SPORTS
BOG7gChS2tKAk5p1,0,G-4,NO_POLITICS,NO_HEALTH,NO_SCIENCE,NO_SPORTS
ywqKa6E7ouoWxWQd,0,G-4,NO_POLITICS,NO_HEALTH,NO_SCIENCE,NO_SPORTS
eGVSlqTRWlWur9cv,0,G-4,NO_POLITICS,NO_HEALTH,NO_SCIENCE,NO_SPORTS
fcOj8DhNtzQhPCh4,0,G-4,NO_POLITICS,NO_HEALTH,NO_SCIENCE,NO_SPORTS
w06K3rx0xvvBNrJF,0,G-4,NO_POLITICS,NO_HEALTH,NO_SCIENCE,NO_SPORTS
4mftRO3l4rRTldC8,0,G-4,NO_POLITICS,NO_HEALTH,NO_SCIENCE,NO_SPORTS
yI808J4cU2O7lWmR,0,G-4,NO_POLITICS,NO_HEALTH,NO_SCIENCE,NO_SPORTS
7WeKftg3eOdbuxVc,0,G-4,NO_POLITICS,NO_HEALTH,NO_SCIENCE,NO_SPORTS
mhV4y6AwIg2ZCh2h,0,G-4,NO_POLITICS,NO_HEALTH,NO_SCIENCE,NO_SPORTS
vBfwq9pNF3ugXH7Q,0,G-4,NO_POLITICS,NO_HEALTH,NO_SCIENCE,NO_SPORTS
ZBkzH5QgziOUE99t,0,G-4,NO_POLITICS,NO_HEALTH,NO_SCIENCE,NO_SPORTS
dDr1YyBAyPfLjg9q,0,G-4,NO_POLITICS,NO_HEALTH,NO_SCIENCE,NO_SPORTS
ooImHo6iXiQMAbpy,0,G-4,NO_POLITICS,NO_HEALTH,NO_SCIENCE,NO_SPORTS
twBe6sXoSUr9TxSg,0,G-4,NO_POLITICS,NO_HEALTH,NO_SCIENCE,NO_SPORTS
vrWSPSGpuKZwgSZf,0,G-4,NO_POLITICS,NO_HEALTH,NO_SCIENCE,NO_SPORTS
VduvwKn6WnNZkv5B,0,G-4,NO_POLITICS,NO_HEALTH,NO_SCIENCE,NO_SPORTS
waNxlb1WoSOHyGEI,0,G-4,NO_POLITICS,NO_HEALTH,NO_SCIENCE,NO_SPORTS
aggBnrlbf6OZ6NRh,0,G-4,NO_POLITICS,NO_HEALTH,NO_SCIENCE,NO_SPORTS
x6GYnvzUgNCZ3laX,0,G-4,NO_POLITICS,NO_HEALTH,NO_SCIENCE,NO_SPORTS
El5aVR4zjHkVuvFt,0,G-4,NO_POLITICS,NO_HEALTH,NO_SCIENCE,NO_SPORTS
3qRCiXErbzEiNiGT,0,G-4,NO_POLITICS,NO_HEALTH,NO_SCIENCE,NO_SPORTS
2t8eqhwiUfiSDnWf,0,G-4,NO_POLITICS,NO_HEALTH,NO_SCIENCE,NO_SPORTS
3w8uzrf5849v7jFS,0,G-4,NO_POLITICS,NO_HEALTH,NO_SCIENCE,NO_SPORTS
0EilbVaqzU9Ue591,0,G-4,NO_POLITICS,NO_HEALTH,NO_SCIENCE,NO_SPORTS
Sb58A2BvUxZJOpUx,0,G-4,NO_POLITICS,NO_HEALTH,NO_SCIENCE,NO_SPORTS
lA8qSfqNFaagxNOs,0,G-4,NO_POLITICS,NO_HEALTH,NO_SCIENCE,NO_SPORTS
Hr4J3bXO10J0ZBJw,0,G-4,NO_POLITICS,NO_HEALTH,NO_SCIENCE,NO_SPORTS
oJH3nDejJ2gTwPGj,0,G-4,NO_POLITICS,NO_HEALTH,NO_SCIENCE,NO_SPORTS
PEmsrxxaiyTV0Xqj,0,G-4,NO_POLITICS,NO_HEALTH,NO_SCIENCE,NO_SPORTS
P8eqV6Ll5zeKBQps,0,G-4,NO_POLITICS,NO_HEALTH,NO_SCIENCE,NO_SPORTS
bMKFAQRjRqX9Q5eq,0,G-4,NO_POLITICS,NO_HEALTH,NO_SCIENCE,NO_SPORTS
RZS6WE2oVGzsZsqW,0,G-4,NO_POLITICS,NO_HEALTH,NO_SCIENCE,NO_SPORTS
VgNwhqshHoMZ52RJ,0,G-4,NO_POLITICS,NO_HEALTH,NO_SCIENCE,NO_SPORTS
Zuw8jnddVA5OnRXj,0,G-4,NO_POLITICS,NO_HEALTH,NO_SCIENCE,NO_SPORTS
Jogeh60ampyQFr6y,0,G-4,NO_POLITICS,NO_HEALTH,NO_SCIENCE,NO_SPORTS
eXDnXOsXAHmyMCVl,0,G-4,NO_POLITICS,NO_HEALTH,NO_SCIENCE,NO_SPORTS
20BLVLazIjclxAC1,0,G-4,NO_POLITICS,NO_HEALTH,NO_SCIENCE,NO_SPORTS
UKtrcdIFWh4OfuE5,0,G-4,NO_POLITICS,NO_HEALTH,NO_SCIENCE,NO_SPORTS
kyei97xjOTwECX55,0,G-4,NO_POLITICS,NO_HEALTH,NO_SCIENCE,NO_SPORTS
yyurC2WMGAzjKV65,0,G-4,NO_POLITICS,NO_HEALTH,NO_SCIENCE,NO_SPORTS
Qs5QC3Jq2rgnodRr,0,G-4,NO_POLITICS,NO_HEALTH,NO_SCIENCE,NO_SPORTS
j2xrZzIckgAJm1lb,0,G-4,NO_POLITICS,NO_HEALTH,NO_SCIENCE,NO_SPORTS
N1zfmZ7UwDAH6jdT,0,G-4,NO_POLITICS,NO_HEALTH,NO_SCIENCE,NO_SPORTS
8dBzmuo2t48WIJum,0,G-4,NO_POLITICS,NO_HEALTH,NO_SCIENCE,NO_SPORTS
ewQfp8MvIIIBMn0U,0,G-4,NO_POLITICS,NO_HEALTH,NO_SCIENCE,NO_SPORTS
cqegoMSygT2qmWvr,0,G-4,NO_POLITICS,NO_HEALTH,NO_SCIENCE,NO_SPORTS
ySa69qAIHUoOUGFH,0,G-4,NO_POLITICS,NO_HEALTH,NO_SCIENCE,NO_SPORTS
bEJWBse31CXhjmaR,0,G-4,NO_POLITICS,NO_HEALTH,NO_SCIENCE,NO_SPORTS
goU9rlN7eZbkVBoe,0,G-4,NO_POLITICS,NO_HEALTH,NO_SCIENCE,NO_SPORTS
rhgoygRStcA7hlOG,0,G-4,NO_POLITICS,NO_HEALTH,NO_SCIENCE,NO_SPORTS
KuWmqqmvNAmw1RqQ,0,G-4,NO_POLITICS,NO_HEALTH,NO_SCIENCE,NO_SPORTS
wqTDzduCOIrdtfML,0,G-4,NO_POLITICS,NO_HEALTH,NO_SCIENCE,NO_SPORTS
jDkgvVpPsJ9oLM4r,0,G-4,NO_POLITICS,NO_HEALTH,NO_SCIENCE,NO_SPORTS
J50x5WQs8Y6cR1wW,0,G-4,NO_POLITICS,NO_HEALTH,NO_SCIENCE,NO_SPORTS
S3ITJzxJJm6ejXS5,0,G-4,NO_POLITICS,NO_HEALTH,NO_SCIENCE,NO_SPORTS
LcB3iy9xO2TEZoxo,0,G-4,NO_POLITICS,NO_HEALTH,NO_SCIENCE,NO_SPORTS
P5y78tIapMW1Z4RO,0,G-4,NO_POLITICS,NO_HEALTH,NO_SCIENCE,NO_SPORTS
DwmWAmWfpKKnYI7O,0,G-4,NO_POLITICS,NO_HEALTH,NO_SCIENCE,NO_SPORTS
3VymLejMEXi1H8Wf,0,G-4,NO_POLITICS,NO_HEALTH,NO_SCIENCE,NO_SPORTS
DIBkujdQMhZgsFZi,0,G-4,NO_POLITICS,NO_HEALTH,NO_SCIENCE,NO_SPORTS
zEHHYxKAJQURoa9b,0,G-4,NO_POLITICS,NO_HEALTH,NO_SCIENCE,NO_SPORTS
fTntMIE3CN8rUEgB,0,G-4,NO_POLITICS,NO_HEALTH,NO_SCIENCE,NO_SPORTS
g5PPMVHcDME931E9,0,G-4,NO_POLITICS,NO_HEALTH,NO_SCIENCE,NO_SPORTS
FmNZfxlKZ8fOhZVi,0,G-4,NO_POLITICS,NO_HEALTH,NO_SCIENCE,NO_SPORTS
4wpPBHw4K0qhx4Rh,0,G-4,NO_POLITICS,NO_HEALTH,NO_SCIENCE,NO_SPORTS
PEqv1H7bA4xtxCcI,0,G-4,NO_POLITICS,NO_HEALTH,NO_SCIENCE,NO_SPORTS
qAtXeldGktjKBJiV,0,G-4,NO_POLITICS,NO_HEALTH,NO_SCIENCE,NO_SPORTS
sxHPoi9e4f9cl6Zh,0,G-4,NO_POLITICS,NO_HEALTH,NO_SCIENCE,NO_SPORTS
Jc1y14hw07xQFq2Q,0,G-4,NO_POLITICS,NO_HEALTH,NO_SCIENCE,NO_SPORTS
lMp7EDVt5rixmZp3,0,G-4,NO_POLITICS,NO_HEALTH,NO_SCIENCE,NO_SPORTS
yYGrMzkXFlmKKBD6,0,G-4,NO_POLITICS,NO_HEALTH,NO_SCIENCE,NO_SPORTS
XSC5B3Oed4iGDrA6,0,G-4,NO_POLITICS,NO_HEALTH,NO_SCIENCE,NO_SPORTS
8nHFUAWr3vITfVHH,0,G-4,NO_POLITICS,NO_HEALTH,NO_SCIENCE,NO_SPORTS
4jo8uhTwfxvkU1SS,0,G-4,NO_POLITICS,NO_HEALTH,NO_SCIENCE,NO_SPORTS
CRtLSQR5WQMwqHM5,0,G-4,NO_POLITICS,NO_HEALTH,NO_SCIENCE,NO_SPORTS
hJcjx9sEXiKd33nY,0,G-4,NO_POLITICS,NO_HEALTH,NO_SCIENCE,NO_SPORTS
uB4flH3TBK5HoBpq,0,G-4,NO_POLITICS,NO_HEALTH,NO_SCIENCE,NO_SPORTS
lEE0e9aFR2lZ3ISv,0,G-4,NO_POLITICS,NO_HEALTH,NO_SCIENCE,NO_SPORTS
X4aGjYB93PqueLNW,0,G-4,NO_POLITICS,NO_HEALTH,NO_SCIENCE,NO_SPORTS
lL3mU9KKS5d3vU0k,0,G-4,NO_POLITICS,NO_HEALTH,NO_SCIENCE,NO_SPORTS
PPoF7VmcJfI5PN9o,0,G-4,NO_POLITICS,NO_HEALTH,NO_SCIENCE,NO_SPORTS
IKYkPHhwWi1zxc7K,0,G-4,NO_POLITICS,NO_HEALTH,NO_SCIENCE,NO_SPORTS
rYZvIn0RvmZYxL2O,0,G-4,NO_POLITICS,NO_HEALTH,NO_SCIENCE,NO_SPORTS
pq4ZOKkoJg89OEyY,0,G-4,NO_POLITICS,NO_HEALTH,NO_SCIENCE,NO_SPORTS
6FzzpHcHyca60oPg,0,G-4,NO_POLITICS,NO_HEALTH,NO_SCIENCE,NO_SPORTS
R5xO5XyabqANbTg6,0,G-4,NO_POLITICS,NO_HEALTH,NO_SCIENCE,NO_SPORTS
tiBbw9ZGu0XJWnCI,0,G-4,NO_POLITICS,NO_HEALTH,NO_SCIENCE,NO_SPORTS
IHlGnNw1XQKrsKVh,0,G-4,NO_POLITICS,NO_HEALTH,NO_SCIENCE,NO_SPORTS
daODboVggv3HjxF3,0,G-4,NO_POLITICS,NO_HEALTH,NO_SCIENCE,NO_SPORTS
6iqwVDVCpBvkgXGv,0,G-4,NO_POLITICS,NO_HEALTH,NO_SCIENCE,NO_SPORTS
LvCQbOAkPqt0Qrjr,0,G-4,NO_POLITICS,NO_HEALTH,NO_SCIENCE,NO_SPORTS
Kd0eX1FNk4WYr4Y5,0,G-4,NO_POLITICS,NO_HEALTH,NO_SCIENCE,NO_SPORTS
3Wk3c1HGlTGUJ1Ub,0,G-4,NO_POLITICS,NO_HEALTH,NO_SCIENCE,NO_SPORTS
e0F7Axxh4pHVhssn,0,G-4,NO_POLITICS,NO_HEALTH,NO_SCIENCE,NO_SPORTS
rYi2UeooKa8ckhBu,0,G-4,NO_POLITICS,NO_HEALTH,NO_SCIENCE,NO_SPORTS
YUjoTw3fll1lETOb,0,G-4,NO_POLITICS,NO_HEALTH,NO_SCIENCE,NO_SPORTS
gAACTP9gyv1plBAr,0,G-4,NO_POLITICS,NO_HEALTH,NO_SCIENCE,NO_SPORTS
rJVZPwCt0PNym4lt,0,G-4,NO_POLITICS,NO_HEALTH,NO_SCIENCE,NO_SPORTS
VnvZ7sGRckiSSgLl,0,G-4,NO_POLITICS,NO_HEALTH,NO_SCIENCE,NO_SPORTS
Mzxw6eNgMxWohy5f,0,G-4,NO_POLITICS,NO_HEALTH,NO_SCIENCE,NO_SPORTS
ZGvUAAQR7qlXERlm,0,G-4,NO_POLITICS,NO_HEALTH,NO_SCIENCE,NO_SPORTS
q5XqoZ94jIjQJtII,0,G-4,NO_POLITICS,NO_HEALTH,NO_SCIENCE,NO_SPORTS
NnzYK23r5Gciflq8,0,G-4,NO_POLITICS,NO_HEALTH,NO_SCIENCE,NO_SPORTS
uBLyLfA55914Tsmi,0,G-4,NO_POLITICS,NO_HEALTH,NO_SCIENCE,NO_SPORTS
3Nkr3QIuxg5K1ONl,0,G-4,NO_POLITICS,NO_HEALTH,NO_SCIENCE,NO_SPORTS
GouhqLf4IoHKlGMI,0,G-4,NO_POLITICS,NO_HEALTH,NO_SCIENCE,NO_SPORTS
qEVxqrorFuK0BCpZ,0,G-4,NO_POLITICS,NO_HEALTH,NO_SCIENCE,NO_SPORTS
fd2gDtRSVNEab54k,0,G-4,NO_POLITICS,NO_HEALTH,NO_SCIENCE,NO_SPORTS
bUeeXVKSRHtW04ry,0,G-4,NO_POLITICS,NO_HEALTH,NO_SCIENCE,NO_SPORTS
dXn87wrngtFRbIgi,0,G-4,NO_POLITICS,NO_HEALTH,NO_SCIENCE,NO_SPORTS
eqGbdU2foZQkhZKp,0,G-4,NO_POLITICS,NO_HEALTH,NO_SCIENCE,NO_SPORTS
85zoiUUhqmDuctZy,0,G-4,NO_POLITICS,NO_HEALTH,NO_SCIENCE,NO_SPORTS
KUcRBNW9aFaq6FDl,0,G-4,NO_POLITICS,NO_HEALTH,NO_SCIENCE,NO_SPORTS
KVjrnwws6jNDBsUR,0,G-4,NO_POLITICS,NO_HEALTH,NO_SCIENCE,NO_SPORTS
KcK6OUa5M9wDfLA2,0,G-4,NO_POLITICS,NO_HEALTH,NO_SCIENCE,NO_SPORTS
BjbS8RCmcCpCoec1,0,G-4,NO_POLITICS,NO_HEALTH,NO_SCIENCE,NO_SPORTS
IQX15MJDB0HxgxBc,0,G-4,NO_POLITICS,NO_HEALTH,NO_SCIENCE,NO_SPORTS
oDzN6aXeCcPNtsuC,0,G-4,NO_POLITICS,NO_HEALTH,NO_SCIENCE,NO_SPORTS
nMBRNFVXjROzHeGR,0,G-4,NO_POLITICS,NO_HEALTH,NO_SCIENCE,NO_SPORTS
WZbnL8IHrPObgmoQ,0,G-4,NO_POLITICS,NO_HEALTH,NO_SCIENCE,NO_SPORTS
jcwiwKoYfy4TSXkZ,0,G-4,NO_POLITICS,NO_HEALTH,NO_SCIENCE,NO_SPORTS
l8HfEypUVA2MUUMl,0,G-4,NO_POLITICS,NO_HEALTH,NO_SCIENCE,NO_SPORTS
9MUD8Yd8ewbKoBhf,0,G-4,NO_POLITICS,NO_HEALTH,NO_SCIENCE,NO_SPORTS
DPTZw3362Gk90qxt,0,G-4,NO_POLITICS,NO_HEALTH,NO_SCIENCE,NO_SPORTS
yxHBO12pzCQyoIY7,0,G-4,NO_POLITICS,NO_HEALTH,NO_SCIENCE,NO_SPORTS
QnuZXZfLaZ9NTiZg,0,G-4,NO_POLITICS,NO_HEALTH,NO_SCIENCE,NO_SPORTS
aMwkZriPQwWM7lZJ,0,G-4,NO_POLITICS,NO_HEALTH,NO_SCIENCE,NO_SPORTS
7GGDp2ptnE8SaYuo,0,G-4,NO_POLITICS,NO_HEALTH,NO_SCIENCE,NO_SPORTS
zj5j7IYsoTKWaMdt,0,G-4,NO_POLITICS,NO_HEALTH,NO_SCIENCE,NO_SPORTS
mTUCCVhhrrGl670F,0,G-4,NO_POLITICS,NO_HEALTH,NO_SCIENCE,NO_SPORTS
V3qduLkvtk2LUNbx,0,G-4,NO_POLITICS,NO_HEALTH,NO_SCIENCE,NO_SPORTS
6ZdgzUyPcYL6l2fM,0,G-4,NO_POLITICS,NO_HEALTH,NO_SCIENCE,NO_SPORTS
C6Lpx2uLgz7RJ97l,0,G-4,NO_POLITICS,NO_HEALTH,NO_SCIENCE,NO_SPORTS
UgDMDWELbXItRjCg,0,G-4,NO_POLITICS,NO_HEALTH,NO_SCIENCE,NO_SPORTS
R0RvADkaaz533Se9,0,G-4,NO_POLITICS,NO_HEALTH,NO_SCIENCE,NO_SPORTS
ftXbxAF0oxdy6z9k,0,G-4,NO_POLITICS,NO_HEALTH,NO_SCIENCE,NO_SPORTS
qOPz4mkg5tHIe820,0,G-4,NO_POLITICS,NO_HEALTH,NO_SCIENCE,NO_SPORTS
AbtVgGB5ozHnoimH,0,G-4,NO_POLITICS,NO_HEALTH,NO_SCIENCE,NO_SPORTS
PDocOasWtOr37ldU,0,G-4,NO_POLITICS,NO_HEALTH,NO_SCIENCE,NO_SPORTS
0diUDXcusTz6gGEt,0,G-4,NO_POLITICS,NO_HEALTH,NO_SCIENCE,NO_SPORTS
lPbPOif6oY90NWcX,0,G-4,NO_POLITICS,NO_HEALTH,NO_SCIENCE,NO_SPORTS
FehcAIMjC97KNSD7,0,G-4,NO_POLITICS,NO_HEALTH,NO_SCIENCE,NO_SPORTS
Kim6cUamoVQNHYnr,0,G-4,NO_POLITICS,NO_HEALTH,NO_SCIENCE,NO_SPORTS
XQYfAnVOyngl0UXr,0,G-4,NO_POLITICS,NO_HEALTH,NO_SCIENCE,NO_SPORTS
9kG6A9Z2Op9OeZJI,0,G-4,NO_POLITICS,NO_HEALTH,NO_SCIENCE,NO_SPORTS
WlVnBpq9D2U7vt91,0,G-4,NO_POLITICS,NO_HEALTH,NO_SCIENCE,NO_SPORTS
DbJQlEOWCuEuNByh,0,G-4,NO_POLITICS,NO_HEALTH,NO_SCIENCE,NO_SPORTS
AUNwFCnbdviPzU6P,0,G-4,NO_POLITICS,NO_HEALTH,NO_SCIENCE,NO_SPORTS
wkhIu2YdJs2Xek98,0,G-4,NO_POLITICS,NO_HEALTH,NO_SCIENCE,NO_SPORTS
VAdHLE9Ft3KP950A,0,G-4,NO_POLITICS,NO_HEALTH,NO_SCIENCE,NO_SPORTS
EMuHO7OtKrMrxAyI,0,G-4,NO_POLITICS,NO_HEALTH,NO_SCIENCE,NO_SPORTS
2QuEb9BaPVH1k5Xw,0,G-4,NO_POLITICS,NO_HEALTH,NO_SCIENCE,NO_SPORTS
hmvoBz13aXHPSwv1,0,G-4,NO_POLITICS,NO_HEALTH,NO_SCIENCE,NO_SPORTS
YZwkVRaC6Bnbr5wf,0,G-4,NO_POLITICS,NO_HEALTH,NO_SCIENCE,NO_SPORTS
35Utpe3Ly5KUpR1r,0,G-4,NO_POLITICS,NO_HEALTH,NO_SCIENCE,NO_SPORTS
oVwoFsQMfzB2uft4,0,G-4,NO_POLITICS,NO_HEALTH,NO_SCIENCE,NO_SPORTS
EGk2JYmaOMguzcqD,0,G-4,NO_POLITICS,NO_HEALTH,NO_SCIENCE,NO_SPORTS
PxLPEZ8N2uGUVT4A,0,G-4,NO_POLITICS,NO_HEALTH,NO_SCIENCE,NO_SPORTS
IAvbwCPTnI96xlUa,0,G-4,NO_POLITICS,NO_HEALTH,NO_SCIENCE,NO_SPORTS
VLnZpp8ALuHwVXtd,0,G-4,NO_POLITICS,NO_HEALTH,NO_SCIENCE,NO_SPORTS
xwftGOqw7WnpN91w,0,G-4,NO_POLITICS,NO_HEALTH,NO_SCIENCE,NO_SPORTS
HnQJayWJdeKwuges,0,G-4,NO_POLITICS,NO_HEALTH,NO_SCIENCE,NO_SPORTS
JLSIUb2TuHGi4M1a,0,G-4,NO_POLITICS,NO_HEALTH,NO_SCIENCE,NO_SPORTS
mNkklarHvf8ebFGO,0,G-4,NO_POLITICS,NO_HEALTH,NO_SCIENCE,NO_SPORTS
E8rBJ7z9zyFEmgLx,0,G-4,NO_POLITICS,NO_HEALTH,NO_SCIENCE,NO_SPORTS
jegIOcc4x1NDs6DR,0,G-4,NO_POLITICS,NO_HEALTH,NO_SCIENCE,NO_SPORTS
aSZXtMR3y87RWvjT,0,G-4,NO_POLITICS,NO_HEALTH,NO_SCIENCE,NO_SPORTS
XRTtqemWKjkCzH7m,0,G-4,NO_POLITICS,NO_HEALTH,NO_SCIENCE,NO_SPORTS
PKY6gob2I4ndZ4sz,0,G-4,NO_POLITICS,NO_HEALTH,NO_SCIENCE,NO_SPORTS
2dj89tBcFUlQazxE,0,G-4,NO_POLITICS,NO_HEALTH,NO_SCIENCE,NO_SPORTS
bop7XHXaVDZAX0t3,0,G-4,NO_POLITICS,NO_HEALTH,NO_SCIENCE,NO_SPORTS
TeIXIkUJjYl73eWl,0,G-4,NO_POLITICS,NO_HEALTH,NO_SCIENCE,NO_SPORTS
Em2ErtukLa4aDUbD,0,G-4,NO_POLITICS,NO_HEALTH,NO_SCIENCE,NO_SPORTS
tX7E2AUYMLAJxNdk,0,G-4,NO_POLITICS,NO_HEALTH,NO_SCIENCE,NO_SPORTS
04yHw1tuWNyEXAwM,0,G-4,NO_POLITICS,NO_HEALTH,NO_SCIENCE,NO_SPORTS
US50Rt8eZAjC45v6,0,G-4,NO_POLITICS,NO_HEALTH,NO_SCIENCE,NO_SPORTS
T96A4BbentjaAwyg,0,G-4,NO_POLITICS,NO_HEALTH,NO_SCIENCE,NO_SPORTS
tvVlNtifwKfwTD9J,0,G-4,NO_POLITICS,NO_HEALTH,NO_SCIENCE,NO_SPORTS
M1pPIMkDozWulx7w,0,G-4,NO_POLITICS,NO_HEALTH,NO_SCIENCE,NO_SPORTS
og8GBvqw4y3OQ8gG,0,G-4,NO_POLITICS,NO_HEALTH,NO_SCIENCE,NO_SPORTS
d8f5JaPdgIwTacvr,0,G-4,NO_POLITICS,NO_HEALTH,NO_SCIENCE,NO_SPORTS
ueIHT28dJppTQOpQ,0,G-4,NO_POLITICS,NO_HEALTH,NO_SCIENCE,NO_SPORTS
O8OKXAueGLjOebcf,0,G-4,NO_POLITICS,NO_HEALTH,NO_SCIENCE,NO_SPORTS
BhlBgigv6VZBKKCR,0,G-4,NO_POLITICS,NO_HEALTH,NO_SCIENCE,NO_SPORTS
mKQYxIszxgnrdDqo,0,G-4,NO_POLITICS,NO_HEALTH,NO_SCIENCE,NO_SPORTS
A62Ys16ztfeT6kdU,0,G-4,NO_POLITICS,NO_HEALTH,NO_SCIENCE,NO_SPORTS
EalTsPOsOxzbf57C,0,G-4,NO_POLITICS,NO_HEALTH,NO_SCIENCE,NO_SPORTS
dzi0sbw1TVUP6IMo,0,G-4,NO_POLITICS,NO_HEALTH,NO_SCIENCE,NO_SPORTS
TGNbULaqj50BQpOz,0,G-4,NO_POLITICS,NO_HEALTH,NO_SCIENCE,NO_SPORTS
eO0UVt3U887VJxVd,0,G-4,NO_POLITICS,NO_HEALTH,NO_SCIENCE,NO_SPORTS
ZbnAqnPuCPVJv21j,0,G-4,NO_POLITICS,NO_HEALTH,NO_SCIENCE,NO_SPORTS
5Nt8zhvTKPDl2aGe,0,G-4,NO_POLITICS,NO_HEALTH,NO_SCIENCE,NO_SPORTS
zSsfRNadRnRhCZuw,0,G-4,NO_POLITICS,NO_HEALTH,NO_SCIENCE,NO_SPORTS
vQc1czvRDcT8JM7B,0,G-4,NO_POLITICS,NO_HEALTH,NO_SCIENCE,NO_SPORTS
DtZ9PE7n9OgQC7f5,0,G-4,NO_POLITICS,NO_HEALTH,NO_SCIENCE,NO_SPORTS
k4jI205zHc72Lpi7,0,G-4,NO_POLITICS,NO_HEALTH,NO_SCIENCE,NO_SPORTS
3VJvU0aee5QUMxkO,0,G-4,NO_POLITICS,NO_HEALTH,NO_SCIENCE,NO_SPORTS
7YCKL2jZjofuEiaQ,0,G-4,NO_POLITICS,NO_HEALTH,NO_SCIENCE,NO_SPORTS
lME6TpzjpjzB4As2,0,G-4,NO_POLITICS,NO_HEALTH,NO_SCIENCE,NO_SPORTS
dSAi7vYEstY8KitU,0,G-4,NO_POLITICS,NO_HEALTH,NO_SCIENCE,NO_SPORTS
qilBIzbvfLuxsyf3,0,G-4,NO_POLITICS,NO_HEALTH,NO_SCIENCE,NO_SPORTS
oNTdjpBgnjq4X8Br,0,G-4,NO_POLITICS,NO_HEALTH,NO_SCIENCE,NO_SPORTS
xMtrwTW1kq26E6yT,0,G-4,NO_POLITICS,NO_HEALTH,NO_SCIENCE,NO_SPORTS
cWNmQWa8z8ZQHwdS,0,G-4,NO_POLITICS,NO_HEALTH,NO_SCIENCE,NO_SPORTS
jF4nw81FWlrkt1Oj,0,G-4,NO_POLITICS,NO_HEALTH,NO_SCIENCE,NO_SPORTS
XwaHf0lNuj9QOau9,0,G-4,NO_POLITICS,NO_HEALTH,NO_SCIENCE,NO_SPORTS
Hdre8KZu70KNod2p,0,G-4,NO_POLITICS,NO_HEALTH,NO_SCIENCE,NO_SPORTS
RB4P23YBY6YIcz2R,0,G-4,NO_POLITICS,NO_HEALTH,NO_SCIENCE,NO_SPORTS
Elh8A0keU4mljtLH,0,G-4,NO_POLITICS,NO_HEALTH,NO_SCIENCE,NO_SPORTS
2k7ZPaR3UMPPCwej,0,G-4,NO_POLITICS,NO_HEALTH,NO_SCIENCE,NO_SPORTS
oO4EVyNmcCaw95Oz,0,G-4,NO_POLITICS,NO_HEALTH,NO_SCIENCE,NO_SPORTS
0rIqW5Qm3JauMrAo,0,G-4,NO_POLITICS,NO_HEALTH,NO_SCIENCE,NO_SPORTS
BpTuOMGEVJhoaCYq,0,G-4,NO_POLITICS,NO_HEALTH,NO_SCIENCE,NO_SPORTS
wHYPIAggrwf1ACuz,0,G-4,NO_POLITICS,NO_HEALTH,NO_SCIENCE,NO_SPORTS
LbSXfR4VIOGwmjH1,0,G-4,NO_POLITICS,NO_HEALTH,NO_SCIENCE,NO_SPORTS
oORaDioQaRY9Aiex,0,G-4,NO_POLITICS,NO_HEALTH,NO_SCIENCE,NO_SPORTS
GsAXAPPN4fDIcj4b,0,G-4,NO_POLITICS,NO_HEALTH,NO_SCIENCE,NO_SPORTS
nMHhrV5u3pYEIPPv,0,G-4,NO_POLITICS,NO_HEALTH,NO_SCIENCE,NO_SPORTS
wdoqXVf3D0y6X0w8,0,G-4,NO_POLITICS,NO_HEALTH,NO_SCIENCE,NO_SPORTS
8zNMiM9LT6upJDfw,0,G-4,NO_POLITICS,NO_HEALTH,NO_SCIENCE,NO_SPORTS
RHiTvSxwOckngCvr,0,G-4,NO_POLITICS,NO_HEALTH,NO_SCIENCE,NO_SPORTS
9IcY63HlzXH4CTid,0,G-4,NO_POLITICS,NO_HEALTH,NO_SCIENCE,NO_SPORTS
LxAAJjJ5ZImD2P2r,0,G-4,NO_POLITICS,NO_HEALTH,NO_SCIENCE,NO_SPORTS
Nu57jAQa1BHA65zr,0,G-4,NO_POLITICS,NO_HEALTH,NO_SCIENCE,NO_SPORTS
lvWH2NyCgxLCq0J0,0,G-4,NO_POLITICS,NO_HEALTH,NO_SCIENCE,NO_SPORTS
0fFlufjy87eOlBL1,0,G-4,NO_POLITICS,NO_HEALTH,NO_SCIENCE,NO_SPORTS
WI3KBFZmJjw0Lxdz,0,G-4,NO_POLITICS,NO_HEALTH,NO_SCIENCE,NO_SPORTS
zWrAYrDZk4d3W3ZO,0,G-4,NO_POLITICS,NO_HEALTH,NO_SCIENCE,NO_SPORTS
QMGcRm06WXFMIcvf,0,G-4,NO_POLITICS,NO_HEALTH,NO_SCIENCE,NO_SPORTS
21Q2nZgjbXEx8rqf,0,G-4,NO_POLITICS,NO_HEALTH,NO_SCIENCE,NO_SPORTS
PMn6lYeY3k2a8YIf,0,G-4,NO_POLITICS,NO_HEALTH,NO_SCIENCE,NO_SPORTS
gEUcsw8Qh8Bx8YSk,0,G-4,NO_POLITICS,NO_HEALTH,NO_SCIENCE,NO_SPORTS
4wQQeq0BUDEVt9lK,0,G-4,NO_POLITICS,NO_HEALTH,NO_SCIENCE,NO_SPORTS
HLzaK0Vc8h8JkYCN,0,G-4,NO_POLITICS,NO_HEALTH,NO_SCIENCE,NO_SPORTS
3IXLieAgoqRF8ywL,0,G-4,NO_POLITICS,NO_HEALTH,NO_SCIENCE,NO_SPORTS
rzJSmQzYmoTO3kER,0,G-4,NO_POLITICS,NO_HEALTH,NO_SCIENCE,NO_SPORTS
glVLqJooQwQDFLSx,0,G-4,NO_POLITICS,NO_HEALTH,NO_SCIENCE,NO_SPORTS
FCU6SFcajX8WLERG,0,G-4,NO_POLITICS,NO_HEALTH,NO_SCIENCE,NO_SPORTS
SqMApFfJc6HUvYKn,0,G-4,NO_POLITICS,NO_HEALTH,NO_SCIENCE,NO_SPORTS
z7fR0REiwYHX47zX,0,G-4,NO_POLITICS,NO_HEALTH,NO_SCIENCE,NO_SPORTS
7YzZjzWXRq5U9Lz0,0,G-4,NO_POLITICS,NO_HEALTH,NO_SCIENCE,NO_SPORTS
XK4PqROQLkGKmGOJ,0,G-4,NO_POLITICS,NO_HEALTH,NO_SCIENCE,NO_SPORTS
JCkHJwAVuueAwKoq,0,G-4,NO_POLITICS,NO_HEALTH,NO_SCIENCE,NO_SPORTS
Pj8qswOv8V46B4RZ,0,G-4,NO_POLITICS,NO_HEALTH,NO_SCIENCE,NO_SPORTS
OtRF19fgRxUkUkB8,0,G-4,NO_POLITICS,NO_HEALTH,NO_SCIENCE,NO_SPORTS
AosFgO1WfhT2ftHy,0,G-4,NO_POLITICS,NO_HEALTH,NO_SCIENCE,NO_SPORTS
uyfnHx2slZjPi1mC,0,G-4,NO_POLITICS,NO_HEALTH,NO_SCIENCE,NO_SPORTS
wj0wxrv82fTB9XrX,0,G-4,NO_POLITICS,NO_HEALTH,NO_SCIENCE,NO_SPORTS
klyLeep48gGTYLxb,0,G-4,NO_POLITICS,NO_HEALTH,NO_SCIENCE,NO_SPORTS
fQN9dLjBkFxWUKDI,0,G-4,NO_POLITICS,NO_HEALTH,NO_SCIENCE,NO_SPORTS
Dp6cTqgPYjrOwUZ8,0,G-4,NO_POLITICS,NO_HEALTH,NO_SCIENCE,NO_SPORTS
r9HE60DlgkCplTXJ,0,G-4,NO_POLITICS,NO_HEALTH,NO_SCIENCE,NO_SPORTS
AfNOFPrCKyOWx2Ra,0,G-4,NO_POLITICS,NO_HEALTH,NO_SCIENCE,NO_SPORTS
D9Q5xV5uRlYDdhpW,0,G-4,NO_POLITICS,NO_HEALTH,NO_SCIENCE,NO_SPORTS
KXksYCI6HlXvQbOr,0,G-4,NO_POLITICS,NO_HEALTH,NO_SCIENCE,NO_SPORTS
aIK7Wms78qFwenVM,0,G-4,NO_POLITICS,NO_HEALTH,NO_SCIENCE,NO_SPORTS
ixMn1rR220sbOsmp,0,G-4,NO_POLITICS,NO_HEALTH,NO_SCIENCE,NO_SPORTS
Nsd2o6NzvOuKR0Bs,0,G-4,NO_POLITICS,NO_HEALTH,NO_SCIENCE,NO_SPORTS
NiUHCKTDU81JmleE,0,G-4,NO_POLITICS,NO_HEALTH,NO_SCIENCE,NO_SPORTS
hXPStVPcQCreCG9c,0,G-4,NO_POLITICS,NO_HEALTH,NO_SCIENCE,NO_SPORTS
9KunKET0pdEM8a6E,0,G-4,NO_POLITICS,NO_HEALTH,NO_SCIENCE,NO_SPORTS
cux9hBEqyZEuh9lm,0,G-4,NO_POLITICS,NO_HEALTH,NO_SCIENCE,NO_SPORTS
iRa9blItv2iCqQPo,0,G-4,NO_POLITICS,NO_HEALTH,NO_SCIENCE,NO_SPORTS
vLkorVi3IZlx8FtO,0,G-4,NO_POLITICS,NO_HEALTH,NO_SCIENCE,NO_SPORTS
XiUZw4wM4wW4eRgy,0,G-4,NO_POLITICS,NO_HEALTH,NO_SCIENCE,NO_SPORTS
nKYaXRvj7uff0LYT,0,G-4,NO_POLITICS,NO_HEALTH,NO_SCIENCE,NO_SPORTS
hDLGkCfItS10mbE1,0,G-4,NO_POLITICS,NO_HEALTH,NO_SCIENCE,NO_SPORTS
1tZQMA4ede2Gxtt1,0,G-4,NO_POLITICS,NO_HEALTH,NO_SCIENCE,NO_SPORTS
Q8a4u937WQj5DGRW,0,G-4,NO_POLITICS,NO_HEALTH,NO_SCIENCE,NO_SPORTS
ywDfg2Ur8uPhCthR,0,G-4,NO_POLITICS,NO_HEALTH,NO_SCIENCE,NO_SPORTS
12W6srR0kRN3pSVW,0,G-4,NO_POLITICS,NO_HEALTH,NO_SCIENCE,NO_SPORTS
Pmc940TDkRNEn5Go,0,G-4,NO_POLITICS,NO_HEALTH,NO_SCIENCE,NO_SPORTS
VBTNTFYq1aEJfLpk,0,G-4,NO_POLITICS,NO_HEALTH,NO_SCIENCE,NO_SPORTS
ZH3UDqpNVGMrerqt,0,G-4,NO_POLITICS,NO_HEALTH,NO_SCIENCE,NO_SPORTS
ceci98GayN6gTDSO,0,G-4,NO_POLITICS,NO_HEALTH,NO_SCIENCE,NO_SPORTS
lkqXgSsMJmcASit8,0,G-4,NO_POLITICS,NO_HEALTH,NO_SCIENCE,NO_SPORTS
mrCp1yjKmfKvNP35,0,G-4,NO_POLITICS,NO_HEALTH,NO_SCIENCE,NO_SPORTS
HrGVjZrMcxcAbLaq,0,G-4,NO_POLITICS,NO_HEALTH,NO_SCIENCE,NO_SPORTS
NdFZcrJ8yNv9k0zn,0,G-4,NO_POLITICS,NO_HEALTH,NO_SCIENCE,NO_SPORTS
61LvdtfMTgzgRxNQ,0,G-4,NO_POLITICS,NO_HEALTH,NO_SCIENCE,NO_SPORTS
Y3gg1qbvFuGtirjy,0,G-4,NO_POLITICS,NO_HEALTH,NO_SCIENCE,NO_SPORTS
uLc7gvVbySJqKVfo,0,G-4,NO_POLITICS,NO_HEALTH,NO_SCIENCE,NO_SPORTS
YRZtcTiwoHNAmsyr,0,G-4,NO_POLITICS,NO_HEALTH,NO_SCIENCE,NO_SPORTS
TxLB7L4EDQXMa3tT,0,G-4,NO_POLITICS,NO_HEALTH,NO_SCIENCE,NO_SPORTS
0rH4yMeSz76Rr9eo,0,G-4,NO_POLITICS,NO_HEALTH,NO_SCIENCE,NO_SPORTS
V3lv7Tbkn9gp6fZ5,0,G-4,NO_POLITICS,NO_HEALTH,NO_SCIENCE,NO_SPORTS
DDgyNHXjhF1eF9Jp,0,G-4,NO_POLITICS,NO_HEALTH,NO_SCIENCE,NO_SPORTS
ubQPclENm2uBNPik,0,G-4,NO_POLITICS,NO_HEALTH,NO_SCIENCE,NO_SPORTS
1tYp5whSL0UlQhRf,0,G-4,NO_POLITICS,NO_HEALTH,NO_SCIENCE,NO_SPORTS
rtnkNL7Yvo0ob4Rp,0,G-4,NO_POLITICS,NO_HEALTH,NO_SCIENCE,NO_SPORTS
utAP9cdIHwsMGcwB,0,G-4,NO_POLITICS,NO_HEALTH,NO_SCIENCE,NO_SPORTS
DB1rluLEGAWidZux,0,G-4,NO_POLITICS,NO_HEALTH,NO_SCIENCE,NO_SPORTS
aoWX67hBhVWChPrf,0,G-4,NO_POLITICS,NO_HEALTH,NO_SCIENCE,NO_SPORTS
nmYjd2BXJDZkeD2L,0,G-4,NO_POLITICS,NO_HEALTH,NO_SCIENCE,NO_SPORTS
vXTJFOM8vTtws0J3,0,G-4,NO_POLITICS,NO_HEALTH,NO_SCIENCE,NO_SPORTS
aFxMPMDEaIaGr8bY,0,G-4,NO_POLITICS,NO_HEALTH,NO_SCIENCE,NO_SPORTS
lOu8PGJ2ViAOJ5c4,0,G-4,NO_POLITICS,NO_HEALTH,NO_SCIENCE,NO_SPORTS
JDACRKQInIZOvKBg,0,G-4,NO_POLITICS,NO_HEALTH,NO_SCIENCE,NO_SPORTS
qgy6A0no7vdSJwri,0,G-4,NO_POLITICS,NO_HEALTH,NO_SCIENCE,NO_SPORTS
3nplxRdtvecKyh7H,0,G-4,NO_POLITICS,NO_HEALTH,NO_SCIENCE,NO_SPORTS
YwnNLu8L5YAJMFOL,0,G-4,NO_POLITICS,NO_HEALTH,NO_SCIENCE,NO_SPORTS
AbGlAbknYObM1wKW,0,G-4,NO_POLITICS,NO_HEALTH,NO_SCIENCE,NO_SPORTS
tebyEHtD50jev24q,0,G-4,NO_POLITICS,NO_HEALTH,NO_SCIENCE,NO_SPORTS
EYYpsISJ9Gn6xVcC,0,G-4,NO_POLITICS,NO_HEALTH,NO_SCIENCE,NO_SPORTS
bRF99gImKQHlKlvF,0,G-4,NO_POLITICS,NO_HEALTH,NO_SCIENCE,NO_SPORTS
RYY5d5wOOcbj1lht,0,G-4,NO_POLITICS,NO_HEALTH,NO_SCIENCE,NO_SPORTS
xsP2SH1HH9saVguI,0,G-4,NO_POLITICS,NO_HEALTH,NO_SCIENCE,NO_SPORTS
5foji2zAto0VIfIQ,0,G-4,NO_POLITICS,NO_HEALTH,NO_SCIENCE,NO_SPORTS
Ty6P0PdcvSqXWAvc,0,G-4,NO_POLITICS,NO_HEALTH,NO_SCIENCE,NO_SPORTS
DLFwJzNef52Ibkgd,0,G-4,NO_POLITICS,NO_HEALTH,NO_SCIENCE,NO_SPORTS
G4E4dotBAcUVCeIi,0,G-4,NO_POLITICS,NO_HEALTH,NO_SCIENCE,NO_SPORTS
dyERJs4B3knyY4aA,0,G-4,NO_POLITICS,NO_HEALTH,NO_SCIENCE,NO_SPORTS
FgSxSldtBr4krqiI,0,G-4,NO_POLITICS,NO_HEALTH,NO_SCIENCE,NO_SPORTS
d9n0Xv00kKXR4bR6,0,G-4,NO_POLITICS,NO_HEALTH,NO_SCIENCE,NO_SPORTS
gYUZgvXmhABdPg56,0,G-4,NO_POLITICS,NO_HEALTH,NO_SCIENCE,NO_SPORTS
iCxbpa9DIZBeUzPo,0,G-4,NO_POLITICS,NO_HEALTH,NO_SCIENCE,NO_SPORTS
K3Pn8vTA752rwzDI,0,G-4,NO_POLITICS,NO_HEALTH,NO_SCIENCE,NO_SPORTS
Ry4I4dqxRFy1uljh,0,G-4,NO_POLITICS,NO_HEALTH,NO_SCIENCE,NO_SPORTS
BIxJh6aYZvzQzWHu,0,G-4,NO_POLITICS,NO_HEALTH,NO_SCIENCE,NO_SPORTS
zeQeZfag3EJUo6Nu,0,G-4,NO_POLITICS,NO_HEALTH,NO_SCIENCE,NO_SPORTS
sYdN16Nb9qRPa21z,0,G-4,NO_POLITICS,NO_HEALTH,NO_SCIENCE,NO_SPORTS
yDN8pbWvTMVTucHY,0,G-4,NO_POLITICS,NO_HEALTH,NO_SCIENCE,NO_SPORTS
oU3aoNOiFHSXQ9Tb,0,G-4,NO_POLITICS,NO_HEALTH,NO_SCIENCE,NO_SPORTS
O2guNQVB4wNGMPTG,0,G-4,NO_POLITICS,NO_HEALTH,NO_SCIENCE,NO_SPORTS
ElJecjyODt05LRUA,0,G-4,NO_POLITICS,NO_HEALTH,NO_SCIENCE,NO_SPORTS
gYJqsveYVzFZsQ5w,0,G-4,NO_POLITICS,NO_HEALTH,NO_SCIENCE,NO_SPORTS
lwQneVDntyiXSDou,0,G-4,NO_POLITICS,NO_HEALTH,NO_SCIENCE,NO_SPORTS
nhffT6Uhw07JadH0,0,G-4,NO_POLITICS,NO_HEALTH,NO_SCIENCE,NO_SPORTS
SqmA0yXyR20fy7kt,0,G-4,NO_POLITICS,NO_HEALTH,NO_SCIENCE,NO_SPORTS
4Z382paWYz0Tb9RU,0,G-4,NO_POLITICS,NO_HEALTH,NO_SCIENCE,NO_SPORTS
QXS83CXvmp6zYnsL,0,G-4,NO_POLITICS,NO_HEALTH,NO_SCIENCE,NO_SPORTS
ZToM7ePFQ7t1bCsu,0,G-4,NO_POLITICS,NO_HEALTH,NO_SCIENCE,NO_SPORTS
JDnThc0XNCsWzv9c,0,G-4,NO_POLITICS,NO_HEALTH,NO_SCIENCE,NO_SPORTS
tYiPIF3QZdVmg9xV,0,G-4,NO_POLITICS,NO_HEALTH,NO_SCIENCE,NO_SPORTS
NuRt7SQ7dYqGz6tO,0,G-4,NO_POLITICS,NO_HEALTH,NO_SCIENCE,NO_SPORTS
XiFVy6gYP7XkqOtj,0,G-4,NO_POLITICS,NO_HEALTH,NO_SCIENCE,NO_SPORTS
3tdZr2EJNA9pOn9c,0,G-4,NO_POLITICS,NO_HEALTH,NO_SCIENCE,NO_SPORTS
DrEkrB6Ju1qVApjC,0,G-4,NO_POLITICS,NO_HEALTH,NO_SCIENCE,NO_SPORTS
EWPBY5YSx1DyIhFT,0,G-4,NO_POLITICS,NO_HEALTH,NO_SCIENCE,NO_SPORTS
cwKtTzFZOXZnhIQE,0,G-4,NO_POLITICS,NO_HEALTH,NO_SCIENCE,NO_SPORTS
d4EcTkkPxFbHeBiN,0,G-4,NO_POLITICS,NO_HEALTH,NO_SCIENCE,NO_SPORTS
pBvR3Z65nOnnsikw,0,G-4,NO_POLITICS,NO_HEALTH,NO_SCIENCE,NO_SPORTS
vFtSaEkkN8pSIJhQ,0,G-4,NO_POLITICS,NO_HEALTH,NO_SCIENCE,NO_SPORTS
Ep7f2Fq0NtgP6rUI,0,G-4,NO_POLITICS,NO_HEALTH,NO_SCIENCE,NO_SPORTS
4LPIECoxgavG7Cw5,0,G-4,NO_POLITICS,NO_HEALTH,NO_SCIENCE,NO_SPORTS
41Tv99XYdCzCE6kQ,0,G-4,NO_POLITICS,NO_HEALTH,NO_SCIENCE,NO_SPORTS
35sdCxOALvFD51Dv,0,G-4,NO_POLITICS,NO_HEALTH,NO_SCIENCE,NO_SPORTS
Sq6IbsIPfEn0sZpr,0,G-4,NO_POLITICS,NO_HEALTH,NO_SCIENCE,NO_SPORTS
ZP9yL6PFVQSvSIC7,0,G-4,NO_POLITICS,NO_HEALTH,NO_SCIENCE,NO_SPORTS
hWZwZcSH9gZUs9Bv,0,G-4,NO_POLITICS,NO_HEALTH,NO_SCIENCE,NO_SPORTS
8ohD6J7nUnvqQrdv,0,G-4,NO_POLITICS,NO_HEALTH,NO_SCIENCE,NO_SPORTS
vKPcQlvkphsqHoTh,0,G-4,NO_POLITICS,NO_HEALTH,NO_SCIENCE,NO_SPORTS
ZbcJjNcJdql7LIbS,0,G-4,NO_POLITICS,NO_HEALTH,NO_SCIENCE,NO_SPORTS
mItUzAPwedEbj0aj,0,G-4,NO_POLITICS,NO_HEALTH,NO_SCIENCE,NO_SPORTS
Mfj2blnDNZQ1bX9W,0,G-4,NO_POLITICS,NO_HEALTH,NO_SCIENCE,NO_SPORTS
p1GkYGfLhjWZxDFV,0,G-4,NO_POLITICS,NO_HEALTH,NO_SCIENCE,NO_SPORTS
m50sJgQSYvBMQXwc,0,G-4,NO_POLITICS,NO_HEALTH,NO_SCIENCE,NO_SPORTS
QlCO1Jm6tRvesqPE,0,G-4,NO_POLITICS,NO_HEALTH,NO_SCIENCE,NO_SPORTS
7PlPn3r8lWoC54AD,0,G-4,NO_POLITICS,NO_HEALTH,NO_SCIENCE,NO_SPORTS
2IqDPKYcdsd0NaUc,0,G-4,NO_POLITICS,NO_HEALTH,NO_SCIENCE,NO_SPORTS
JJpzwcl9DjkNq3T5,0,G-4,NO_POLITICS,NO_HEALTH,NO_SCIENCE,NO_SPORTS
fbKrK2eepd1bhygS,0,G-4,NO_POLITICS,NO_HEALTH,NO_SCIENCE,NO_SPORTS
wgYaz0vuKL7cyHyK,0,G-4,NO_POLITICS,NO_HEALTH,NO_SCIENCE,NO_SPORTS
jWHdM0AQNZG3Ztf3,0,G-4,NO_POLITICS,NO_HEALTH,NO_SCIENCE,NO_SPORTS
XFlabCiPiYK5KdAa,0,G-4,NO_POLITICS,NO_HEALTH,NO_SCIENCE,NO_SPORTS
sytAgLCg5oO2xO3h,0,G-4,NO_POLITICS,NO_HEALTH,NO_SCIENCE,NO_SPORTS
uhxL3rfkHRIeVF3L,0,G-4,NO_POLITICS,NO_HEALTH,NO_SCIENCE,NO_SPORTS
lcyAnXL9vGrTxuPf,0,G-4,NO_POLITICS,NO_HEALTH,NO_SCIENCE,NO_SPORTS
0FwlATPLzakbJ7G6,0,G-4,NO_POLITICS,NO_HEALTH,NO_SCIENCE,NO_SPORTS
2Uo3lbPCq5fAjFFd,0,G-4,NO_POLITICS,NO_HEALTH,NO_SCIENCE,NO_SPORTS
Goiq2crUo2jON8YZ,0,G-4,NO_POLITICS,NO_HEALTH,NO_SCIENCE,NO_SPORTS
HDBTq0Zf2pCLxb0l,0,G-4,NO_POLITICS,NO_HEALTH,NO_SCIENCE,NO_SPORTS
5JfZKmGw3dxHQat1,0,G-4,NO_POLITICS,NO_HEALTH,NO_SCIENCE,NO_SPORTS
5gOpV5O3Ofa6WhdL,0,G-4,NO_POLITICS,NO_HEALTH,NO_SCIENCE,NO_SPORTS
WMQTJiceW4usFWgL,0,G-4,NO_POLITICS,NO_HEALTH,NO_SCIENCE,NO_SPORTS
tHpKiccQxbiGPBCE,0,G-4,NO_POLITICS,NO_HEALTH,NO_SCIENCE,NO_SPORTS
ZfZSbW7vftpeg6L4,0,G-4,NO_POLITICS,NO_HEALTH,NO_SCIENCE,NO_SPORTS
UaK9gGaL9V5DuAw3,0,G-4,NO_POLITICS,NO_HEALTH,NO_SCIENCE,NO_SPORTS
t6vbQHOtaa4IQAKX,0,G-4,NO_POLITICS,NO_HEALTH,NO_SCIENCE,NO_SPORTS
rWDHqeBisbBTNRBO,0,G-4,NO_POLITICS,NO_HEALTH,NO_SCIENCE,NO_SPORTS
D9anhwcn0KFsWYaj,0,G-4,NO_POLITICS,NO_HEALTH,NO_SCIENCE,NO_SPORTS
8j3k7LZlPTPxzPaz,0,G-4,NO_POLITICS,NO_HEALTH,NO_SCIENCE,NO_SPORTS
Zv07wmeZOboeTfnw,0,G-4,NO_POLITICS,NO_HEALTH,NO_SCIENCE,NO_SPORTS
LzNLja6DPCGfGHQk,0,G-4,NO_POLITICS,NO_HEALTH,NO_SCIENCE,NO_SPORTS
8t7fpShsXtwszn45,0,G-4,NO_POLITICS,NO_HEALTH,NO_SCIENCE,NO_SPORTS
T5NOdVsxkDzp82Gd,0,G-4,NO_POLITICS,NO_HEALTH,NO_SCIENCE,NO_SPORTS
EAystj1YDGaFLpVO,0,G-4,NO_POLITICS,NO_HEALTH,NO_SCIENCE,NO_SPORTS
yggRHT5dLC0DrBYN,0,G-4,NO_POLITICS,NO_HEALTH,NO_SCIENCE,NO_SPORTS
MCytk0YPMuBHAzvC,0,G-4,NO_POLITICS,NO_HEALTH,NO_SCIENCE,NO_SPORTS
leFzHfnnuwnUG9Z8,0,G-4,NO_POLITICS,NO_HEALTH,NO_SCIENCE,NO_SPORTS
QifxWSXLV6IS4ZED,0,G-4,NO_POLITICS,NO_HEALTH,NO_SCIENCE,NO_SPORTS
n0HwBJHB9EEgusJx,0,G-4,NO_POLITICS,NO_HEALTH,NO_SCIENCE,NO_SPORTS
uySmnlm2OM3HVzNn,0,G-4,NO_POLITICS,NO_HEALTH,NO_SCIENCE,NO_SPORTS
EswDjGj6brwWT6sp,0,G-4,NO_POLITICS,NO_HEALTH,NO_SCIENCE,NO_SPORTS
bF5276m8Uiu78tVX,0,G-4,NO_POLITICS,NO_HEALTH,NO_SCIENCE,NO_SPORTS
7prg1cG0rIH53Z3B,0,G-4,NO_POLITICS,NO_HEALTH,NO_SCIENCE,NO_SPORTS
hlpZCIBOcjiqXOk0,0,G-4,NO_POLITICS,NO_HEALTH,NO_SCIENCE,NO_SPORTS
eXNzJTqGwFaqLYEi,0,G-4,NO_POLITICS,NO_HEALTH,NO_SCIENCE,NO_SPORTS
n2bPWcOF8EMmzFlr,0,G-4,NO_POLITICS,NO_HEALTH,NO_SCIENCE,NO_SPORTS
6GYHSIiqXTY5Kfl3,0,G-4,NO_POLITICS,NO_HEALTH,NO_SCIENCE,NO_SPORTS
QD2JY4piZj3qKcsx,0,G-4,NO_POLITICS,NO_HEALTH,NO_SCIENCE,NO_SPORTS
FVcMuj7QMI9zfxCN,0,G-4,NO_POLITICS,NO_HEALTH,NO_SCIENCE,NO_SPORTS
WqGro0aovA6zaT9E,0,G-4,NO_POLITICS,NO_HEALTH,NO_SCIENCE,NO_SPORTS
0H5dbvFy3ZLf6ai9,0,G-4,NO_POLITICS,NO_HEALTH,NO_SCIENCE,NO_SPORTS
GVZLpIOiT4OgXw2W,0,G-4,NO_POLITICS,NO_HEALTH,NO_SCIENCE,NO_SPORTS
d4XlYbIHYEGKSWhU,0,G-4,NO_POLITICS,NO_HEALTH,NO_SCIENCE,NO_SPORTS
7a9U4rY5i0hQ8qKc,0,G-4,NO_POLITICS,NO_HEALTH,NO_SCIENCE,NO_SPORTS
WtNmhfmHnEJK1g2W,0,G-4,NO_POLITICS,NO_HEALTH,NO_SCIENCE,NO_SPORTS
1MxFvL2lQEM4yNm6,0,G-4,NO_POLITICS,NO_HEALTH,NO_SCIENCE,NO_SPORTS
D4qbuquViHT5P2oe,0,G-4,NO_POLITICS,NO_HEALTH,NO_SCIENCE,NO_SPORTS
J26iHQtaLSwh8MGT,0,G-4,NO_POLITICS,NO_HEALTH,NO_SCIENCE,NO_SPORTS
Bv3fPFO8zqLJgElH,0,G-4,NO_POLITICS,NO_HEALTH,NO_SCIENCE,NO_SPORTS
nmOXP2fayrYjAH12,0,G-4,NO_POLITICS,NO_HEALTH,NO_SCIENCE,NO_SPORTS
YHWlCQsHNV7XrQc7,0,G-4,NO_POLITICS,NO_HEALTH,NO_SCIENCE,NO_SPORTS
hMjKdihqEsXucpww,0,G-4,NO_POLITICS,NO_HEALTH,NO_SCIENCE,NO_SPORTS
Bsd26UMRFL3QZ8vY,0,G-4,NO_POLITICS,NO_HEALTH,NO_SCIENCE,NO_SPORTS
YwNkWZJxjGNEXRUa,0,G-4,NO_POLITICS,NO_HEALTH,NO_SCIENCE,NO_SPORTS
1OcolJp9eMoXGsns,0,G-4,NO_POLITICS,NO_HEALTH,NO_SCIENCE,NO_SPORTS
dGu5t8bkgPbzp2XS,0,G-4,NO_POLITICS,NO_HEALTH,NO_SCIENCE,NO_SPORTS
h9quNOMJVDTgx92X,0,G-4,NO_POLITICS,NO_HEALTH,NO_SCIENCE,NO_SPORTS
5Gsq4YnMXXRTFfUR,0,G-4,NO_POLITICS,NO_HEALTH,NO_SCIENCE,NO_SPORTS
XeBli172pHhdahUU,0,G-4,NO_POLITICS,NO_HEALTH,NO_SCIENCE,NO_SPORTS
HhOP7fvlG8mgIDyq,0,G-4,NO_POLITICS,NO_HEALTH,NO_SCIENCE,NO_SPORTS
HfNfiukBYccH8uut,0,G-4,NO_POLITICS,NO_HEALTH,NO_SCIENCE,NO_SPORTS
9sMLT6mnOjkeaBKs,0,G-4,NO_POLITICS,NO_HEALTH,NO_SCIENCE,NO_SPORTS
SCFK3UHrXRHW2wPF,0,G-4,NO_POLITICS,NO_HEALTH,NO_SCIENCE,NO_SPORTS
Oy6LDUi2215GYr8y,0,G-4,NO_POLITICS,NO_HEALTH,NO_SCIENCE,NO_SPORTS
nPKhREbg8hrAwuwt,0,G-4,NO_POLITICS,NO_HEALTH,NO_SCIENCE,NO_SPORTS
VH3o8JNrTXEb7UDP,0,G-4,NO_POLITICS,NO_HEALTH,NO_SCIENCE,NO_SPORTS
dNRXho8WUXBlQwi3,0,G-4,NO_POLITICS,NO_HEALTH,NO_SCIENCE,NO_SPORTS
UzUug86SAGNnrtC2,0,G-4,NO_POLITICS,NO_HEALTH,NO_SCIENCE,NO_SPORTS
IaobJOP9yDUbGoXn,0,G-4,NO_POLITICS,NO_HEALTH,NO_SCIENCE,NO_SPORTS
JhN8k4GBgXFNW0Mq,0,G-4,NO_POLITICS,NO_HEALTH,NO_SCIENCE,NO_SPORTS
1XSGrXH9z1b0Y9lj,0,G-4,NO_POLITICS,NO_HEALTH,NO_SCIENCE,NO_SPORTS
j4xK1NJ3v9giyeoD,0,G-4,NO_POLITICS,NO_HEALTH,NO_SCIENCE,NO_SPORTS
Qw7cFuH2L166V1xd,0,G-4,NO_POLITICS,NO_HEALTH,NO_SCIENCE,NO_SPORTS
iWkqE8VcvCk5Sr80,0,G-4,NO_POLITICS,NO_HEALTH,NO_SCIENCE,NO_SPORTS
OYz1rJkXwuW2lY1j,0,G-4,NO_POLITICS,NO_HEALTH,NO_SCIENCE,NO_SPORTS
gNOiRnmRKSlvkjzm,0,G-4,NO_POLITICS,NO_HEALTH,NO_SCIENCE,NO_SPORTS
WIF14HVHRJ9CikK2,0,G-4,NO_POLITICS,NO_HEALTH,NO_SCIENCE,NO_SPORTS
LKbqcUqLhxWR6vb0,0,G-4,NO_POLITICS,NO_HEALTH,NO_SCIENCE,NO_SPORTS
9xNvrIz3qDI6xFzx,0,G-4,NO_POLITICS,NO_HEALTH,NO_SCIENCE,NO_SPORTS
qpiaj8hfqv4N0mNo,0,G-4,NO_POLITICS,NO_HEALTH,NO_SCIENCE,NO_SPORTS
fPjm1W83lmRxRhL7,0,G-4,NO_POLITICS,NO_HEALTH,NO_SCIENCE,NO_SPORTS
V4gcToeVsNlqNWNS,0,G-4,NO_POLITICS,NO_HEALTH,NO_SCIENCE,NO_SPORTS
DJP2E6I901TNAyo5,0,G-4,NO_POLITICS,NO_HEALTH,NO_SCIENCE,NO_SPORTS
tAnIoKt9Qm7J8iNz,0,G-4,NO_POLITICS,NO_HEALTH,NO_SCIENCE,NO_SPORTS
ZCOlun1kmOeP7k0O,0,G-4,NO_POLITICS,NO_HEALTH,NO_SCIENCE,NO_SPORTS
g00rVq4jB6nBvbdF,0,G-4,NO_POLITICS,NO_HEALTH,NO_SCIENCE,NO_SPORTS
JwsTs4nTVGHOuSo9,0,G-4,NO_POLITICS,NO_HEALTH,NO_SCIENCE,NO_SPORTS
IDrzjLhrzt4O8C6y,0,G-4,NO_POLITICS,NO_HEALTH,NO_SCIENCE,NO_SPORTS
ZloBYKXS5hOztXJM,0,G-4,NO_POLITICS,NO_HEALTH,NO_SCIENCE,NO_SPORTS
Mm2TqQzzr3YELMyR,0,G-4,NO_POLITICS,NO_HEALTH,NO_SCIENCE,NO_SPORTS
qfdqiOfOfUvnKGcW,0,G-4,NO_POLITICS,NO_HEALTH,NO_SCIENCE,NO_SPORTS
s8yvUU1czoPvQs74,0,G-4,NO_POLITICS,NO_HEALTH,NO_SCIENCE,NO_SPORTS
Qkaa6UHly2aNulpG,0,G-4,NO_POLITICS,NO_HEALTH,NO_SCIENCE,NO_SPORTS
JoqyNAbPHNMUKRe5,0,G-4,NO_POLITICS,NO_HEALTH,NO_SCIENCE,NO_SPORTS
Ag2t8jUczvU5zehY,0,G-4,NO_POLITICS,NO_HEALTH,NO_SCIENCE,NO_SPORTS
ALwZPTKLL7OVVBmn,0,G-4,NO_POLITICS,NO_HEALTH,NO_SCIENCE,NO_SPORTS
wVXEET3HWDlaMYFL,0,G-4,NO_POLITICS,NO_HEALTH,NO_SCIENCE,NO_SPORTS
DuIfsiSnY4PtdnNk,0,G-4,NO_POLITICS,NO_HEALTH,NO_SCIENCE,NO_SPORTS
fmZB8OvZ1L9d3MxH,0,G-4,NO_POLITICS,NO_HEALTH,NO_SCIENCE,NO_SPORTS
nXcLML4PGnnQbkKx,0,G-4,NO_POLITICS,NO_HEALTH,NO_SCIENCE,NO_SPORTS
jRvCA4ENrRs1DCqN,0,G-4,NO_POLITICS,NO_HEALTH,NO_SCIENCE,NO_SPORTS
BxdFCeWLf8nCNjrD,0,G-4,NO_POLITICS,NO_HEALTH,NO_SCIENCE,NO_SPORTS
PVnHEjMUWWsop2cW,0,G-4,NO_POLITICS,NO_HEALTH,NO_SCIENCE,NO_SPORTS
u0zp4M3wT6Ul9k1y,0,G-4,NO_POLITICS,NO_HEALTH,NO_SCIENCE,NO_SPORTS
H8xIZM1JRcoreogr,0,G-4,NO_POLITICS,NO_HEALTH,NO_SCIENCE,NO_SPORTS
bped8SBRQTX4kbJm,0,G-4,NO_POLITICS,NO_HEALTH,NO_SCIENCE,NO_SPORTS
exZUtPejLAUOwsKc,0,G-4,NO_POLITICS,NO_HEALTH,NO_SCIENCE,NO_SPORTS
PFyBKeUL0tugXARX,0,G-4,NO_POLITICS,NO_HEALTH,NO_SCIENCE,NO_SPORTS
5ndjiwoteHDE5sJJ,0,G-4,NO_POLITICS,NO_HEALTH,NO_SCIENCE,NO_SPORTS
ppaX3QjBvKNAp0mx,0,G-4,NO_POLITICS,NO_HEALTH,NO_SCIENCE,NO_SPORTS
WOEjwn35WAqTbsW4,0,G-4,NO_POLITICS,NO_HEALTH,NO_SCIENCE,NO_SPORTS
K7dCgtBTpEamTeAG,0,G-4,NO_POLITICS,NO_HEALTH,NO_SCIENCE,NO_SPORTS
G5o2tlz9IwHPhGIa,0,G-4,NO_POLITICS,NO_HEALTH,NO_SCIENCE,NO_SPORTS
5adegSRe2a8FwTg0,0,G-4,NO_POLITICS,NO_HEALTH,NO_SCIENCE,NO_SPORTS
e3a0UuVXowX9wwDA,0,G-4,NO_POLITICS,NO_HEALTH,NO_SCIENCE,NO_SPORTS
b0l8T4Si2UrMgUtc,0,G-4,NO_POLITICS,NO_HEALTH,NO_SCIENCE,NO_SPORTS
sNddYkqMa0dUoPXM,0,G-4,NO_POLITICS,NO_HEALTH,NO_SCIENCE,NO_SPORTS
wsUJH1qbQFQMJXlQ,0,G-4,NO_POLITICS,NO_HEALTH,NO_SCIENCE,NO_SPORTS
PmY3wzHelT4NEZJD,0,G-4,NO_POLITICS,NO_HEALTH,NO_SCIENCE,NO_SPORTS
Gk8xDuzSt31OZMJV,0,G-4,NO_POLITICS,NO_HEALTH,NO_SCIENCE,NO_SPORTS
A7XqYHzF7XNsLd9n,0,G-4,NO_POLITICS,NO_HEALTH,NO_SCIENCE,NO_SPORTS
U7vywIA2N6QJ776a,0,G-4,NO_POLITICS,NO_HEALTH,NO_SCIENCE,NO_SPORTS
3GbQfUErVbN55yOI,0,G-4,NO_POLITICS,NO_HEALTH,NO_SCIENCE,NO_SPORTS
rghxHXhEUdJIXsSv,0,G-4,NO_POLITICS,NO_HEALTH,NO_SCIENCE,NO_SPORTS
6SIEq44fPtFhYXge,0,G-4,NO_POLITICS,NO_HEALTH,NO_SCIENCE,NO_SPORTS
YhMBOb0UCgAmpJj0,0,G-4,NO_POLITICS,NO_HEALTH,NO_SCIENCE,NO_SPORTS
zOVLAOyN5xFRaWQm,0,G-4,NO_POLITICS,NO_HEALTH,NO_SCIENCE,NO_SPORTS
6Wz3wwPbiOPJf5KK,0,G-4,NO_POLITICS,NO_HEALTH,NO_SCIENCE,NO_SPORTS
VzRiFDbRSOKssRey,0,G-4,NO_POLITICS,NO_HEALTH,NO_SCIENCE,NO_SPORTS
segSEuhOgM3tBMsK,0,G-4,NO_POLITICS,NO_HEALTH,NO_SCIENCE,NO_SPORTS
vurp5IjAsuX6XI7k,0,G-4,NO_POLITICS,NO_HEALTH,NO_SCIENCE,NO_SPORTS
QqzbziqL8tnbudrS,0,G-4,NO_POLITICS,NO_HEALTH,NO_SCIENCE,NO_SPORTS
ggbjFVoQv8TArEVp,0,G-4,NO_POLITICS,NO_HEALTH,NO_SCIENCE,NO_SPORTS
6FXNKKj3nNga5NeE,0,G-4,NO_POLITICS,NO_HEALTH,NO_SCIENCE,NO_SPORTS
0mR4ana6NYvCypPF,0,G-4,NO_POLITICS,NO_HEALTH,NO_SCIENCE,NO_SPORTS
vvaUUrEbnIREDqs2,0,G-4,NO_POLITICS,NO_HEALTH,NO_SCIENCE,NO_SPORTS
qTqiZvsEZtWh0i0w,0,G-4,NO_POLITICS,NO_HEALTH,NO_SCIENCE,NO_SPORTS
2urDu7Giu5jPE52I,0,G-4,NO_POLITICS,NO_HEALTH,NO_SCIENCE,NO_SPORTS
0Qnlb3EAro9Hz8mb,0,G-4,NO_POLITICS,NO_HEALTH,NO_SCIENCE,NO_SPORTS
6hkbUaRQn8Ym9uDx,0,G-4,NO_POLITICS,NO_HEALTH,NO_SCIENCE,NO_SPORTS
wr7UHxalwpgAZtgq,0,G-4,NO_POLITICS,NO_HEALTH,NO_SCIENCE,NO_SPORTS
dziYVY6pWOylZe7r,0,G-4,NO_POLITICS,NO_HEALTH,NO_SCIENCE,NO_SPORTS
WtKIumi2yOT2Rmo3,0,G-4,NO_POLITICS,NO_HEALTH,NO_SCIENCE,NO_SPORTS
CGVdnuj6UnsrMqFL,0,G-4,NO_POLITICS,NO_HEALTH,NO_SCIENCE,NO_SPORTS
RlEFApMU3xQ0WJpM,0,G-4,NO_POLITICS,NO_HEALTH,NO_SCIENCE,NO_SPORTS
prpx7xU95uvnCN48,0,G-4,NO_POLITICS,NO_HEALTH,NO_SCIENCE,NO_SPORTS
zoCXB1BhEOgzIafL,0,G-4,NO_POLITICS,NO_HEALTH,NO_SCIENCE,NO_SPORTS
7WzNsvQCG6el8SvO,0,G-4,NO_POLITICS,NO_HEALTH,NO_SCIENCE,NO_SPORTS
VdblB6kOjPuNZJSo,0,G-4,NO_POLITICS,NO_HEALTH,NO_SCIENCE,NO_SPORTS
7lnPDyCVvZaWK8U8,0,G-4,NO_POLITICS,NO_HEALTH,NO_SCIENCE,NO_SPORTS
SpkprBNqWe8ykBFT,0,G-4,NO_POLITICS,NO_HEALTH,NO_SCIENCE,NO_SPORTS
R1FDyTt9ubPsiZRd,0,G-4,NO_POLITICS,NO_HEALTH,NO_SCIENCE,NO_SPORTS
thCfcXAeZCUgU2aB,0,G-4,NO_POLITICS,NO_HEALTH,NO_SCIENCE,NO_SPORTS
5TDJeBDrjMp7gbOV,0,G-4,NO_POLITICS,NO_HEALTH,NO_SCIENCE,NO_SPORTS
n76EcPNePczVQ85q,0,G-4,NO_POLITICS,NO_HEALTH,NO_SCIENCE,NO_SPORTS
yZpxuQs82V3FAV7y,0,G-4,NO_POLITICS,NO_HEALTH,NO_SCIENCE,NO_SPORTS
xXBc3lF6k7HaePV1,0,G-4,NO_POLITICS,NO_HEALTH,NO_SCIENCE,NO_SPORTS
2OA880tcXKoOC6uM,0,G-4,NO_POLITICS,NO_HEALTH,NO_SCIENCE,NO_SPORTS
1gEWWg2KDXcsi19K,0,G-4,NO_POLITICS,NO_HEALTH,NO_SCIENCE,NO_SPORTS
hPic9UTQin7JOSZa,0,G-4,NO_POLITICS,NO_HEALTH,NO_SCIENCE,NO_SPORTS
DaVLpC3Yj8nrpiTJ,0,G-4,NO_POLITICS,NO_HEALTH,NO_SCIENCE,NO_SPORTS
hmiXbIwXILft9SGV,0,G-4,NO_POLITICS,NO_HEALTH,NO_SCIENCE,NO_SPORTS
BP9xAkpDgZpAgIVX,0,G-4,NO_POLITICS,NO_HEALTH,NO_SCIENCE,NO_SPORTS
t1x3mfB7GR4DFHz7,0,G-4,NO_POLITICS,NO_HEALTH,NO_SCIENCE,NO_SPORTS
99VsbeeDwdoCUmOk,0,G-4,NO_POLITICS,NO_HEALTH,NO_SCIENCE,NO_SPORTS
i8uVNjD6U5P2koFh,0,G-4,NO_POLITICS,NO_HEALTH,NO_SCIENCE,NO_SPORTS
9nkPE8yaAfmQWNuc,0,G-4,NO_POLITICS,NO_HEALTH,NO_SCIENCE,NO_SPORTS
YENsZzHSSDdQClPo,0,G-4,NO_POLITICS,NO_HEALTH,NO_SCIENCE,NO_SPORTS
wD1y5KF7dmrevwH4,0,G-4,NO_POLITICS,NO_HEALTH,NO_SCIENCE,NO_SPORTS
rXLvNMQSOZM4OtBJ,0,G-4,NO_POLITICS,NO_HEALTH,NO_SCIENCE,NO_SPORTS
SvoR8BaqOmDvk4v7,0,G-4,NO_POLITICS,NO_HEALTH,NO_SCIENCE,NO_SPORTS
UAPyaUQZuEEEoF9h,0,G-4,NO_POLITICS,NO_HEALTH,NO_SCIENCE,NO_SPORTS
XQlxwbQZ8i5hzcqt,0,G-4,NO_POLITICS,NO_HEALTH,NO_SCIENCE,NO_SPORTS
IvG18pM1OyCfR97q,0,G-4,NO_POLITICS,NO_HEALTH,NO_SCIENCE,NO_SPORTS
CwK2XnM1tKTrELf8,0,G-4,NO_POLITICS,NO_HEALTH,NO_SCIENCE,NO_SPORTS
kgP1UJdbpmTSUhJN,0,G-4,NO_POLITICS,NO_HEALTH,NO_SCIENCE,NO_SPORTS
UVBPf6V9hIAlXz7O,0,G-4,NO_POLITICS,NO_HEALTH,NO_SCIENCE,NO_SPORTS
OT6fM20oYz4lot3f,0,G-4,NO_POLITICS,NO_HEALTH,NO_SCIENCE,NO_SPORTS
j6Xg0AJE9SGBEv6Z,0,G-4,NO_POLITICS,NO_HEALTH,NO_SCIENCE,NO_SPORTS
uKQ4uWPOPXxXFIa2,0,G-4,NO_POLITICS,NO_HEALTH,NO_SCIENCE,NO_SPORTS
EktsQxTdJ6nEaK83,0,G-4,NO_POLITICS,NO_HEALTH,NO_SCIENCE,NO_SPORTS
kSWDnwf4QUzt1Esm,0,G-4,NO_POLITICS,NO_HEALTH,NO_SCIENCE,NO_SPORTS
jtAGC1dtXWw7de6H,0,G-4,NO_POLITICS,NO_HEALTH,NO_SCIENCE,NO_SPORTS
cEus0bkT55lQZjQ0,0,G-4,NO_POLITICS,NO_HEALTH,NO_SCIENCE,NO_SPORTS
q2DNmmoZAqnt1xRD,0,G-4,NO_POLITICS,NO_HEALTH,NO_SCIENCE,NO_SPORTS
nB1E5aXA1thM0BWX,0,G-4,NO_POLITICS,NO_HEALTH,NO_SCIENCE,NO_SPORTS
8RNVS9QJgXPfZIGL,0,G-4,NO_POLITICS,NO_HEALTH,NO_SCIENCE,NO_SPORTS
292hmwqru2Py9l69,0,G-4,NO_POLITICS,NO_HEALTH,NO_SCIENCE,NO_SPORTS
ByVKFvbgz7h6itCm,0,G-4,NO_POLITICS,NO_HEALTH,NO_SCIENCE,NO_SPORTS
BvnaQ7wtwdljDfBF,0,G-4,NO_POLITICS,NO_HEALTH,NO_SCIENCE,NO_SPORTS
NcZhGnniHSPaYFta,0,G-4,NO_POLITICS,NO_HEALTH,NO_SCIENCE,NO_SPORTS
33QgQeKFQDziZ2HN,0,G-4,NO_POLITICS,NO_HEALTH,NO_SCIENCE,NO_SPORTS
LYO7llmIKZFR6TM2,0,G-4,NO_POLITICS,NO_HEALTH,NO_SCIENCE,NO_SPORTS
rMiZbP1uD8HqB8Rk,0,G-4,NO_POLITICS,NO_HEALTH,NO_SCIENCE,NO_SPORTS
YrEbtyq7ppIuggCk,0,G-4,NO_POLITICS,NO_HEALTH,NO_SCIENCE,NO_SPORTS
jRDGevq3u8TyNvu9,0,G-4,NO_POLITICS,NO_HEALTH,NO_SCIENCE,NO_SPORTS
KGZRDb8yAtuKUXdK,0,G-4,NO_POLITICS,NO_HEALTH,NO_SCIENCE,NO_SPORTS
FqszDShQ3BvpCUn0,0,G-4,NO_POLITICS,NO_HEALTH,NO_SCIENCE,NO_SPORTS
fXHzUrLHzDA28PhC,0,G-4,NO_POLITICS,NO_HEALTH,NO_SCIENCE,NO_SPORTS
4s2Wco74vGRnGBZL,0,G-4,NO_POLITICS,NO_HEALTH,NO_SCIENCE,NO_SPORTS
Cc2Gwx0VMe4utehS,0,G-4,NO_POLITICS,NO_HEALTH,NO_SCIENCE,NO_SPORTS
w5ROjuO9oQmzFgCh,0,G-4,NO_POLITICS,NO_HEALTH,NO_SCIENCE,NO_SPORTS
Hgd3tEHtBSWoaXla,0,G-4,NO_POLITICS,NO_HEALTH,NO_SCIENCE,NO_SPORTS
JRpWrwxFLsoTc2gp,0,G-4,NO_POLITICS,NO_HEALTH,NO_SCIENCE,NO_SPORTS
pQCsCWQF6cm81mnR,0,G-4,NO_POLITICS,NO_HEALTH,NO_SCIENCE,NO_SPORTS
EbT1WzkqoHOq6ufK,0,G-4,NO_POLITICS,NO_HEALTH,NO_SCIENCE,NO_SPORTS
8tLyDrE9tQ3AFkV0,0,G-4,NO_POLITICS,NO_HEALTH,NO_SCIENCE,NO_SPORTS
v6WCulgKeWmJNpAS,0,G-4,NO_POLITICS,NO_HEALTH,NO_SCIENCE,NO_SPORTS
NbpoyZcfZNABLqxA,0,G-4,NO_POLITICS,NO_HEALTH,NO_SCIENCE,NO_SPORTS
reoE8j0XqU5oucHt,0,G-4,NO_POLITICS,NO_HEALTH,NO_SCIENCE,NO_SPORTS
eEqaL4xoegWYK1Py,0,G-4,NO_POLITICS,NO_HEALTH,NO_SCIENCE,NO_SPORTS
i6sEg3iCPU6zUjzg,0,G-4,NO_POLITICS,NO_HEALTH,NO_SCIENCE,NO_SPORTS
gyBHLhkrj0nw3vkM,0,G-4,NO_POLITICS,NO_HEALTH,NO_SCIENCE,NO_SPORTS
gqdm58pmxcXRjVQm,0,G-4,NO_POLITICS,NO_HEALTH,NO_SCIENCE,NO_SPORTS
DL6KFQraidyYG42C,0,G-4,NO_POLITICS,NO_HEALTH,NO_SCIENCE,NO_SPORTS
7hsIX9Wvo14TGznN,0,G-4,NO_POLITICS,NO_HEALTH,NO_SCIENCE,NO_SPORTS
u0iyUOqpLnznCwg7,0,G-4,NO_POLITICS,NO_HEALTH,NO_SCIENCE,NO_SPORTS
wFTkwm7GXkHYTldm,0,G-4,NO_POLITICS,NO_HEALTH,NO_SCIENCE,NO_SPORTS
aPB4MM7Qt46xHr4Y,0,G-4,NO_POLITICS,NO_HEALTH,NO_SCIENCE,NO_SPORTS
iESnPrb5IbmBd4Ys,0,G-4,NO_POLITICS,NO_HEALTH,NO_SCIENCE,NO_SPORTS
MLAl4Le0AapnJeJo,0,G-4,NO_POLITICS,NO_HEALTH,NO_SCIENCE,NO_SPORTS
unR4YoLKVhDrTLj4,0,G-4,NO_POLITICS,NO_HEALTH,NO_SCIENCE,NO_SPORTS
vzlQxoztybBsmlX0,0,G-4,NO_POLITICS,NO_HEALTH,NO_SCIENCE,NO_SPORTS
E2ODH0A2TVwyJmIe,0,G-4,NO_POLITICS,NO_HEALTH,NO_SCIENCE,NO_SPORTS
dcWnBKVjn5avUwe0,0,G-4,NO_POLITICS,NO_HEALTH,NO_SCIENCE,NO_SPORTS
bKk4Ugw57Ip2vlbc,0,G-4,NO_POLITICS,NO_HEALTH,NO_SCIENCE,NO_SPORTS
Ea8lqrj3yRtE9lkh,0,G-4,NO_POLITICS,NO_HEALTH,NO_SCIENCE,NO_SPORTS
h1GgflAkIYZDNgH2,0,G-4,NO_POLITICS,NO_HEALTH,NO_SCIENCE,NO_SPORTS
3A4Xq0OQdENkOYbG,0,G-4,NO_POLITICS,NO_HEALTH,NO_SCIENCE,NO_SPORTS
t4iWQiY7fVxVHAVt,0,G-4,NO_POLITICS,NO_HEALTH,NO_SCIENCE,NO_SPORTS
p9AqAndDuAsnfFle,0,G-4,NO_POLITICS,NO_HEALTH,NO_SCIENCE,NO_SPORTS
5rkGiCnUUs2YkDLN,0,G-4,NO_POLITICS,NO_HEALTH,NO_SCIENCE,NO_SPORTS
pcuNcLXoSFiMo02a,0,G-4,NO_POLITICS,NO_HEALTH,NO_SCIENCE,NO_SPORTS
yr1nRMuGFhaGIIOQ,0,G-4,NO_POLITICS,NO_HEALTH,NO_SCIENCE,NO_SPORTS
RwkhnrZRRAzyLeF0,0,G-4,NO_POLITICS,NO_HEALTH,NO_SCIENCE,NO_SPORTS
3BfQ0tveH30S5NXF,0,G-4,NO_POLITICS,NO_HEALTH,NO_SCIENCE,NO_SPORTS
HioRRdzHzmA4KR1V,0,G-4,NO_POLITICS,NO_HEALTH,NO_SCIENCE,NO_SPORTS
2gryQciFoEC1HAVx,0,G-4,NO_POLITICS,NO_HEALTH,NO_SCIENCE,NO_SPORTS
fyWLaVDyPu7cKRs2,0,G-4,NO_POLITICS,NO_HEALTH,NO_SCIENCE,NO_SPORTS
lnXor0IH1YIJQsIs,0,G-4,NO_POLITICS,NO_HEALTH,NO_SCIENCE,NO_SPORTS
tqLlGegCR05K44lF,0,G-4,NO_POLITICS,NO_HEALTH,NO_SCIENCE,NO_SPORTS
wWq9wLHxof075cOr,0,G-4,NO_POLITICS,NO_HEALTH,NO_SCIENCE,NO_SPORTS
5Ba6fF8M6aO3MAkr,0,G-4,NO_POLITICS,NO_HEALTH,NO_SCIENCE,NO_SPORTS
d3DBwGKGyqEAB5E8,0,G-4,NO_POLITICS,NO_HEALTH,NO_SCIENCE,NO_SPORTS
LDb5pRCXyvxES4fp,0,G-4,NO_POLITICS,NO_HEALTH,NO_SCIENCE,NO_SPORTS
3g22YCdruv3Nk3bV,0,G-4,NO_POLITICS,NO_HEALTH,NO_SCIENCE,NO_SPORTS
W3gYeLTu2eT86pEA,0,G-4,NO_POLITICS,NO_HEALTH,NO_SCIENCE,NO_SPORTS
TNVaIctjqJ7FuGFk,0,G-4,NO_POLITICS,NO_HEALTH,NO_SCIENCE,NO_SPORTS
TEfH2xnPj1H7vbWU,0,G-4,NO_POLITICS,NO_HEALTH,NO_SCIENCE,NO_SPORTS
gZ2VYtu5h0WyjKV0,0,G-4,NO_POLITICS,NO_HEALTH,NO_SCIENCE,NO_SPORTS
8PJvPTTPgstQ8OGc,0,G-4,NO_POLITICS,NO_HEALTH,NO_SCIENCE,NO_SPORTS
y3cS8OOTbqS2vOdB,0,G-4,NO_POLITICS,NO_HEALTH,NO_SCIENCE,NO_SPORTS
gafY7QyJlh0zj4ZY,0,G-4,NO_POLITICS,NO_HEALTH,NO_SCIENCE,NO_SPORTS
6XYX4bCkkXs2dYS4,0,G-4,NO_POLITICS,NO_HEALTH,NO_SCIENCE,NO_SPORTS
eHyuBlbFlr57Zxe7,0,G-4,NO_POLITICS,NO_HEALTH,NO_SCIENCE,NO_SPORTS
NxuhAnLBrkbWu6s1,0,G-4,NO_POLITICS,NO_HEALTH,NO_SCIENCE,NO_SPORTS
9GQ0PGuepxpy7Soe,0,G-4,NO_POLITICS,NO_HEALTH,NO_SCIENCE,NO_SPORTS
NGVw0o3G3oylcoiY,0,G-4,NO_POLITICS,NO_HEALTH,NO_SCIENCE,NO_SPORTS
Aik8BpKEx6tAQ726,0,G-4,NO_POLITICS,NO_HEALTH,NO_SCIENCE,NO_SPORTS
DKJ1zip7VzT7XFiD,0,G-4,NO_POLITICS,NO_HEALTH,NO_SCIENCE,NO_SPORTS
WWZQt2goJZWURYMr,0,G-4,NO_POLITICS,NO_HEALTH,NO_SCIENCE,NO_SPORTS
zQq3VbrGpq27YcQk,0,G-4,NO_POLITICS,NO_HEALTH,NO_SCIENCE,NO_SPORTS
R89hykoi99oigSYB,0,G-4,NO_POLITICS,NO_HEALTH,NO_SCIENCE,NO_SPORTS
Cmq9SJTj1h05DmzN,0,G-4,NO_POLITICS,NO_HEALTH,NO_SCIENCE,NO_SPORTS
V6uZSzQwVCn2pYXv,0,G-4,NO_POLITICS,NO_HEALTH,NO_SCIENCE,NO_SPORTS
Ege7HIIR2djZsFdx,0,G-4,NO_POLITICS,NO_HEALTH,NO_SCIENCE,NO_SPORTS
araBT7gwO8TxrOsc,0,G-4,NO_POLITICS,NO_HEALTH,NO_SCIENCE,NO_SPORTS
afYpWNkwN12JCEjr,0,G-4,NO_POLITICS,NO_HEALTH,NO_SCIENCE,NO_SPORTS
WzVDLvpV02WTWL2S,0,G-4,NO_POLITICS,NO_HEALTH,NO_SCIENCE,NO_SPORTS
nk7U4CPw3o7bunhx,0,G-4,NO_POLITICS,NO_HEALTH,NO_SCIENCE,NO_SPORTS
hZpsQeaPZtJyBWzo,0,G-4,NO_POLITICS,NO_HEALTH,NO_SCIENCE,NO_SPORTS
r6WsU3PSKBI2Z3uS,0,G-4,NO_POLITICS,NO_HEALTH,NO_SCIENCE,NO_SPORTS
M4UAXBOQzbzyiBiz,0,G-4,NO_POLITICS,NO_HEALTH,NO_SCIENCE,NO_SPORTS
RVDXEzosF3WdVqty,0,G-4,NO_POLITICS,NO_HEALTH,NO_SCIENCE,NO_SPORTS
P0YMkFBl6O7TDwnE,0,G-4,NO_POLITICS,NO_HEALTH,NO_SCIENCE,NO_SPORTS
Fty8xtIAQa8NnzjQ,0,G-4,NO_POLITICS,NO_HEALTH,NO_SCIENCE,NO_SPORTS
hasKygZDGXxJZbvR,0,G-4,NO_POLITICS,NO_HEALTH,NO_SCIENCE,NO_SPORTS
QD1BnF2dgYcvQJ6G,0,G-4,NO_POLITICS,NO_HEALTH,NO_SCIENCE,NO_SPORTS
qKSTkUdYD2WOZ5b9,0,G-4,NO_POLITICS,NO_HEALTH,NO_SCIENCE,NO_SPORTS
yMvXnIG5B2vR4MZe,0,G-4,NO_POLITICS,NO_HEALTH,NO_SCIENCE,NO_SPORTS
lHueVdrfqI0wf4v1,0,G-4,NO_POLITICS,NO_HEALTH,NO_SCIENCE,NO_SPORTS
XQOektX8gu0Ml2NX,0,G-4,NO_POLITICS,NO_HEALTH,NO_SCIENCE,NO_SPORTS
N1ZZ6u03nZam2sHa,0,G-4,NO_POLITICS,NO_HEALTH,NO_SCIENCE,NO_SPORTS
XCSHHUcuzMXD254L,0,G-4,NO_POLITICS,NO_HEALTH,NO_SCIENCE,NO_SPORTS
jt5BV2MmDww6f9XW,0,G-4,NO_POLITICS,NO_HEALTH,NO_SCIENCE,NO_SPORTS
QfZKnifuDN9XY1Pf,0,G-4,NO_POLITICS,NO_HEALTH,NO_SCIENCE,NO_SPORTS
pA42Auuf1zcCXGaV,0,G-4,NO_POLITICS,NO_HEALTH,NO_SCIENCE,NO_SPORTS
M5rY1KsMzpHOejTr,0,G-4,NO_POLITICS,NO_HEALTH,NO_SCIENCE,NO_SPORTS
ix6PqjYTrm261Uae,0,G-4,NO_POLITICS,NO_HEALTH,NO_SCIENCE,NO_SPORTS
ZP2YwdMJ2pFtnluE,0,G-4,NO_POLITICS,NO_HEALTH,NO_SCIENCE,NO_SPORTS
cS6iIVJ35plg14WX,0,G-4,NO_POLITICS,NO_HEALTH,NO_SCIENCE,NO_SPORTS
jHJRfPkrh57vSrIz,0,G-4,NO_POLITICS,NO_HEALTH,NO_SCIENCE,NO_SPORTS
jlnAbFTSbHdyB2VK,0,G-4,NO_POLITICS,NO_HEALTH,NO_SCIENCE,NO_SPORTS
D0GoA0c7q0RNg6Xc,0,G-4,NO_POLITICS,NO_HEALTH,NO_SCIENCE,NO_SPORTS
ZWbY372vnw55F1mZ,0,G-4,NO_POLITICS,NO_HEALTH,NO_SCIENCE,NO_SPORTS
tBGkP5o915uAn8ii,0,G-4,NO_POLITICS,NO_HEALTH,NO_SCIENCE,NO_SPORTS
GJy760znu2ImtLqP,0,G-4,NO_POLITICS,NO_HEALTH,NO_SCIENCE,NO_SPORTS
uqgOyVUTKmuQlHPZ,0,G-4,NO_POLITICS,NO_HEALTH,NO_SCIENCE,NO_SPORTS
IIR39eHjbf3o6AX6,0,G-4,NO_POLITICS,NO_HEALTH,NO_SCIENCE,NO_SPORTS
vUNWhsAfKKpCc1zw,0,G-4,NO_POLITICS,NO_HEALTH,NO_SCIENCE,NO_SPORTS
0FFdVAcSLD8KcQhR,0,G-4,NO_POLITICS,NO_HEALTH,NO_SCIENCE,NO_SPORTS
4PKMYMVVsjEKTntN,0,G-4,NO_POLITICS,NO_HEALTH,NO_SCIENCE,NO_SPORTS
iufKzp2o0s8oxix5,0,G-4,NO_POLITICS,NO_HEALTH,NO_SCIENCE,NO_SPORTS
47DSr8w1FvRydOvS,0,G-4,NO_POLITICS,NO_HEALTH,NO_SCIENCE,NO_SPORTS
QIJalgsVpXKMP7Jw,0,G-4,NO_POLITICS,NO_HEALTH,NO_SCIENCE,NO_SPORTS
jZn8FUnwEnWOjuRr,0,G-4,NO_POLITICS,NO_HEALTH,NO_SCIENCE,NO_SPORTS
MYLlW9sLVbbsxewi,0,G-4,NO_POLITICS,NO_HEALTH,NO_SCIENCE,NO_SPORTS
CrGdZGM85H8gisNB,0,G-4,NO_POLITICS,NO_HEALTH,NO_SCIENCE,NO_SPORTS
sGq5oKrUkyzn3f7G,0,G-4,NO_POLITICS,NO_HEALTH,NO_SCIENCE,NO_SPORTS
9NyaXPkKlfyjubys,0,G-4,NO_POLITICS,NO_HEALTH,NO_SCIENCE,NO_SPORTS
CbEFXOGWBqnTU39y,0,G-4,NO_POLITICS,NO_HEALTH,NO_SCIENCE,NO_SPORTS
T2kSSE2Q1XBgo05r,0,G-4,NO_POLITICS,NO_HEALTH,NO_SCIENCE,NO_SPORTS
ZKOnBkZBtL5XZmsV,0,G-4,NO_POLITICS,NO_HEALTH,NO_SCIENCE,NO_SPORTS
sBFTgOui0BzVpYvF,0,G-4,NO_POLITICS,NO_HEALTH,NO_SCIENCE,NO_SPORTS
C5HjGXiXjySRUpBa,0,G-4,NO_POLITICS,NO_HEALTH,NO_SCIENCE,NO_SPORTS
nDW4Ni9SqcvhEwHA,0,G-4,NO_POLITICS,NO_HEALTH,NO_SCIENCE,NO_SPORTS
qgXy421L1jUL2LQs,0,G-4,NO_POLITICS,NO_HEALTH,NO_SCIENCE,NO_SPORTS
tvdKFCyoWqLSmzQQ,0,G-4,NO_POLITICS,NO_HEALTH,NO_SCIENCE,NO_SPORTS
s1RYkv1efoymvtW1,0,G-4,NO_POLITICS,NO_HEALTH,NO_SCIENCE,NO_SPORTS
nblgiK7gfYKnlI4g,0,G-4,NO_POLITICS,NO_HEALTH,NO_SCIENCE,NO_SPORTS
E2JNsQrXd4hFYJkA,0,G-4,NO_POLITICS,NO_HEALTH,NO_SCIENCE,NO_SPORTS
g9pvR2r9QisfbJl6,0,G-4,NO_POLITICS,NO_HEALTH,NO_SCIENCE,NO_SPORTS
1fvIAVQLNDq7LK01,0,G-4,NO_POLITICS,NO_HEALTH,NO_SCIENCE,NO_SPORTS
vrYs4SOFjtvtTOMS,0,G-4,NO_POLITICS,NO_HEALTH,NO_SCIENCE,NO_SPORTS
V4HFV2wMYadICsCb,0,G-4,NO_POLITICS,NO_HEALTH,NO_SCIENCE,NO_SPORTS
bdvKb9SPKIm0yCGD,0,G-4,NO_POLITICS,NO_HEALTH,NO_SCIENCE,NO_SPORTS
MmehskDwswc3zBwD,0,G-4,NO_POLITICS,NO_HEALTH,NO_SCIENCE,NO_SPORTS
PTdmiTEnP0st9aEQ,0,G-4,NO_POLITICS,NO_HEALTH,NO_SCIENCE,NO_SPORTS
Bxoe8h7XwY9ieEAE,0,G-4,NO_POLITICS,NO_HEALTH,NO_SCIENCE,NO_SPORTS
0SgckVpD5ToyiFtZ,0,G-4,NO_POLITICS,NO_HEALTH,NO_SCIENCE,NO_SPORTS
Hi6xchMKgYTh15tD,0,G-4,NO_POLITICS,NO_HEALTH,NO_SCIENCE,NO_SPORTS
aIp6wH1SVaz0c5BA,0,G-4,NO_POLITICS,NO_HEALTH,NO_SCIENCE,NO_SPORTS
Wl4PDme2kqXHiOBB,0,G-4,NO_POLITICS,NO_HEALTH,NO_SCIENCE,NO_SPORTS
Dt2CD1kiz366g9gI,0,G-4,NO_POLITICS,NO_HEALTH,NO_SCIENCE,NO_SPORTS
wHH5jQMv2djLXKQx,0,G-4,NO_POLITICS,NO_HEALTH,NO_SCIENCE,NO_SPORTS
FppsoNc2QniOugO5,0,G-4,NO_POLITICS,NO_HEALTH,NO_SCIENCE,NO_SPORTS
MJqI0jItnXZmM7fT,0,G-4,NO_POLITICS,NO_HEALTH,NO_SCIENCE,NO_SPORTS
kSE4HNdc06PVz0oR,0,G-4,NO_POLITICS,NO_HEALTH,NO_SCIENCE,NO_SPORTS
P240etUlzQE9YgSz,0,G-4,NO_POLITICS,NO_HEALTH,NO_SCIENCE,NO_SPORTS
Ccgz8H7wKN1yNoyW,0,G-4,NO_POLITICS,NO_HEALTH,NO_SCIENCE,NO_SPORTS
rc16Q5v7vEQrx6bW,0,G-4,NO_POLITICS,NO_HEALTH,NO_SCIENCE,NO_SPORTS
zPdJNnMEELaOlKvg,0,G-4,NO_POLITICS,NO_HEALTH,NO_SCIENCE,NO_SPORTS
h0iB6elwn6VPePnU,0,G-4,NO_POLITICS,NO_HEALTH,NO_SCIENCE,NO_SPORTS
YeSgD1aN7qnh2G1V,0,G-4,NO_POLITICS,NO_HEALTH,NO_SCIENCE,NO_SPORTS
5orA4FtvlG9LrBrE,0,G-4,NO_POLITICS,NO_HEALTH,NO_SCIENCE,NO_SPORTS
qSiKgo0GB4CiC8xT,0,G-4,NO_POLITICS,NO_HEALTH,NO_SCIENCE,NO_SPORTS
YIquKvQZKZb0oAKN,0,G-4,NO_POLITICS,NO_HEALTH,NO_SCIENCE,NO_SPORTS
A9yBrt1RW8fucGWu,0,G-4,NO_POLITICS,NO_HEALTH,NO_SCIENCE,NO_SPORTS
i7Rxb7xRPeZ1bwee,0,G-4,NO_POLITICS,NO_HEALTH,NO_SCIENCE,NO_SPORTS
YmEBb9KShzP98Vbj,0,G-4,NO_POLITICS,NO_HEALTH,NO_SCIENCE,NO_SPORTS
qa3vnm4FAlP2a8JU,0,G-4,NO_POLITICS,NO_HEALTH,NO_SCIENCE,NO_SPORTS
XWzVHjOfIJvN5nIY,0,G-4,NO_POLITICS,NO_HEALTH,NO_SCIENCE,NO_SPORTS
NrAJc9vBlgkvuiCM,0,G-4,NO_POLITICS,NO_HEALTH,NO_SCIENCE,NO_SPORTS
u7hdre103EOyR2dI,0,G-4,NO_POLITICS,NO_HEALTH,NO_SCIENCE,NO_SPORTS
ZjSxsZGghIyYmyqN,0,G-4,NO_POLITICS,NO_HEALTH,NO_SCIENCE,NO_SPORTS
Q4kBhY0qu5851Lxj,0,G-4,NO_POLITICS,NO_HEALTH,NO_SCIENCE,NO_SPORTS
qDQDqCFfbxZSHZ5N,0,G-4,NO_POLITICS,NO_HEALTH,NO_SCIENCE,NO_SPORTS
S5luSxI3te0edZvt,0,G-4,NO_POLITICS,NO_HEALTH,NO_SCIENCE,NO_SPORTS
Zw69CrxG7YXipN2I,0,G-4,NO_POLITICS,NO_HEALTH,NO_SCIENCE,NO_SPORTS
hkM3YP2lDx2QJwta,0,G-4,NO_POLITICS,NO_HEALTH,NO_SCIENCE,NO_SPORTS
lg1sOqWhRxq8J8Vx,0,G-4,NO_POLITICS,NO_HEALTH,NO_SCIENCE,NO_SPORTS
0pPCNyJQaagK9U6x,0,G-4,NO_POLITICS,NO_HEALTH,NO_SCIENCE,NO_SPORTS
ZoWoMueU6tcuMKiY,0,G-4,NO_POLITICS,NO_HEALTH,NO_SCIENCE,NO_SPORTS
XmCcMz5catWZoBlU,0,G-4,NO_POLITICS,NO_HEALTH,NO_SCIENCE,NO_SPORTS
HmQlU92OPbU4fRoN,0,G-4,NO_POLITICS,NO_HEALTH,NO_SCIENCE,NO_SPORTS
ZSbTdy53z6Cni0Dl,0,G-4,NO_POLITICS,NO_HEALTH,NO_SCIENCE,NO_SPORTS
yz1LQjEEtza8zY0t,0,G-4,NO_POLITICS,NO_HEALTH,NO_SCIENCE,NO_SPORTS
lrNMqMlbdHlgqSTo,0,G-4,NO_POLITICS,NO_HEALTH,NO_SCIENCE,NO_SPORTS
XiCSHoy0v6AzTByw,0,G-4,NO_POLITICS,NO_HEALTH,NO_SCIENCE,NO_SPORTS
kFyJuuxZia0H5BxL,0,G-4,NO_POLITICS,NO_HEALTH,NO_SCIENCE,NO_SPORTS
pWBKAQn51iRw1eXM,0,G-4,NO_POLITICS,NO_HEALTH,NO_SCIENCE,NO_SPORTS
GCSzOjD8uQO001xt,0,G-4,NO_POLITICS,NO_HEALTH,NO_SCIENCE,NO_SPORTS
vG6T0diBKTL30ZYs,0,G-4,NO_POLITICS,NO_HEALTH,NO_SCIENCE,NO_SPORTS
P8vSh8MQ2NfbUYgb,0,G-4,NO_POLITICS,NO_HEALTH,NO_SCIENCE,NO_SPORTS
yu1d2PVy56Je2mzT,0,G-4,NO_POLITICS,NO_HEALTH,NO_SCIENCE,NO_SPORTS
HneNVsbSK4LxbZUr,0,G-4,NO_POLITICS,NO_HEALTH,NO_SCIENCE,NO_SPORTS
9JYyw6umAMj1OsVF,0,G-4,NO_POLITICS,NO_HEALTH,NO_SCIENCE,NO_SPORTS
L21gTvtrHzdPXTEu,0,G-4,NO_POLITICS,NO_HEALTH,NO_SCIENCE,NO_SPORTS
mAY63kFDsCZWBUoM,0,G-4,NO_POLITICS,NO_HEALTH,NO_SCIENCE,NO_SPORTS
ZHKgrSk1FJJo52Pr,0,G-4,NO_POLITICS,NO_HEALTH,NO_SCIENCE,NO_SPORTS
NjaAlUqlXPHoomw6,0,G-4,NO_POLITICS,NO_HEALTH,NO_SCIENCE,NO_SPORTS
P0nTYcW4uarTBxIr,0,G-4,NO_POLITICS,NO_HEALTH,NO_SCIENCE,NO_SPORTS
I0qPbXQwBQp04wU2,0,G-4,NO_POLITICS,NO_HEALTH,NO_SCIENCE,NO_SPORTS
x4zBp3l4egfzosHW,0,G-4,NO_POLITICS,NO_HEALTH,NO_SCIENCE,NO_SPORTS
F2gIAOT4sbEmtKyX,0,G-4,NO_POLITICS,NO_HEALTH,NO_SCIENCE,NO_SPORTS
FUqaL8wjBDNJijlS,0,G-4,NO_POLITICS,NO_HEALTH,NO_SCIENCE,NO_SPORTS
xcMkFsNfZNXsd3qP,0,G-4,NO_POLITICS,NO_HEALTH,NO_SCIENCE,NO_SPORTS
64RVc86LLeI6qccF,0,G-4,NO_POLITICS,NO_HEALTH,NO_SCIENCE,NO_SPORTS
6ja3amndbGpsSzog,0,G-4,NO_POLITICS,NO_HEALTH,NO_SCIENCE,NO_SPORTS
6w4UOLD5qiHhtB4A,0,G-4,NO_POLITICS,NO_HEALTH,NO_SCIENCE,NO_SPORTS
EJ0xFprjhFLqtK6h,0,G-4,NO_POLITICS,NO_HEALTH,NO_SCIENCE,NO_SPORTS
DU4MIV9ukWyp26Id,0,G-4,NO_POLITICS,NO_HEALTH,NO_SCIENCE,NO_SPORTS
68oo45UxqilznwzE,0,G-4,NO_POLITICS,NO_HEALTH,NO_SCIENCE,NO_SPORTS
ZMlUJW0gHWw1pCXr,0,G-4,NO_POLITICS,NO_HEALTH,NO_SCIENCE,NO_SPORTS
owINuY8fk1EpiMDS,0,G-4,NO_POLITICS,NO_HEALTH,NO_SCIENCE,NO_SPORTS
nXv2Rra6fSEVQOEX,0,G-4,NO_POLITICS,NO_HEALTH,NO_SCIENCE,NO_SPORTS
ZJ76QQ2bYtDcMA0y,0,G-4,NO_POLITICS,NO_HEALTH,NO_SCIENCE,NO_SPORTS
S7PJrK7xnaEx0jun,0,G-4,NO_POLITICS,NO_HEALTH,NO_SCIENCE,NO_SPORTS
YzOhFA6q3L11XYbE,0,G-4,NO_POLITICS,NO_HEALTH,NO_SCIENCE,NO_SPORTS
QI7CRBsQYXzENpOS,0,G-4,NO_POLITICS,NO_HEALTH,NO_SCIENCE,NO_SPORTS
l0pSvT6uLBg0xU9X,0,G-4,NO_POLITICS,NO_HEALTH,NO_SCIENCE,NO_SPORTS
HPDlx50j9PieaSEB,0,G-4,NO_POLITICS,NO_HEALTH,NO_SCIENCE,NO_SPORTS
fIKVjoeI2vz5lgF5,0,G-4,NO_POLITICS,NO_HEALTH,NO_SCIENCE,NO_SPORTS
2tRh4nKzli45FxLe,0,G-4,NO_POLITICS,NO_HEALTH,NO_SCIENCE,NO_SPORTS
wTGulWAJXxJ0n4iB,0,G-4,NO_POLITICS,NO_HEALTH,NO_SCIENCE,NO_SPORTS
FmJG9Q4IqeVzAm80,0,G-4,NO_POLITICS,NO_HEALTH,NO_SCIENCE,NO_SPORTS
tgOSjtuEU9ps71ix,0,G-4,NO_POLITICS,NO_HEALTH,NO_SCIENCE,NO_SPORTS
Nyo0VJl7WR6hNDdu,0,G-4,NO_POLITICS,NO_HEALTH,NO_SCIENCE,NO_SPORTS
U8XZMKueP5vwUnCb,0,G-4,NO_POLITICS,NO_HEALTH,NO_SCIENCE,NO_SPORTS
rls8vQfsTt88r7Ih,0,G-4,NO_POLITICS,NO_HEALTH,NO_SCIENCE,NO_SPORTS
Met6OlZYQ3P5K3Xf,0,G-4,NO_POLITICS,NO_HEALTH,NO_SCIENCE,NO_SPORTS
R4K6G6yZPeZFTfBr,0,G-4,NO_POLITICS,NO_HEALTH,NO_SCIENCE,NO_SPORTS
fY9Q6lTHdARfHi7G,0,G-4,NO_POLITICS,NO_HEALTH,NO_SCIENCE,NO_SPORTS
aBukOJgSv3yGYTXe,0,G-4,NO_POLITICS,NO_HEALTH,NO_SCIENCE,NO_SPORTS
oC5SjLTR63mgKMM1,0,G-4,NO_POLITICS,NO_HEALTH,NO_SCIENCE,NO_SPORTS
GFZDz69YiwKEpC8n,0,G-4,NO_POLITICS,NO_HEALTH,NO_SCIENCE,NO_SPORTS
NAeRU4aneSsdmIav,0,G-4,NO_POLITICS,NO_HEALTH,NO_SCIENCE,NO_SPORTS
17PYLZadGnIkhUTi,0,G-4,NO_POLITICS,NO_HEALTH,NO_SCIENCE,NO_SPORTS
kNOiq1vmMMBOQicr,0,G-4,NO_POLITICS,NO_HEALTH,NO_SCIENCE,NO_SPORTS
ej2QQh2ttOWaC2n3,0,G-4,NO_POLITICS,NO_HEALTH,NO_SCIENCE,NO_SPORTS
YQ1MANlYOkTHDrP7,0,G-4,NO_POLITICS,NO_HEALTH,NO_SCIENCE,NO_SPORTS
97lEJzdzHXPBSr47,0,G-4,NO_POLITICS,NO_HEALTH,NO_SCIENCE,NO_SPORTS
IQ4VqSiruiqKkojQ,0,G-4,NO_POLITICS,NO_HEALTH,NO_SCIENCE,NO_SPORTS
lQEtz9MTZCXMR9TJ,0,G-4,NO_POLITICS,NO_HEALTH,NO_SCIENCE,NO_SPORTS
RJanY1CEE1RlvF43,0,G-4,NO_POLITICS,NO_HEALTH,NO_SCIENCE,NO_SPORTS
JTJAXX9izpRJ5w8i,0,G-4,NO_POLITICS,NO_HEALTH,NO_SCIENCE,NO_SPORTS
fUtCVwS8sYZG8uSO,0,G-4,NO_POLITICS,NO_HEALTH,NO_SCIENCE,NO_SPORTS
UOfASj53VnpD3hiH,0,G-4,NO_POLITICS,NO_HEALTH,NO_SCIENCE,NO_SPORTS
kjR7D1KmJZdaNS80,0,G-4,NO_POLITICS,NO_HEALTH,NO_SCIENCE,NO_SPORTS
bn7yPiyC4qbP8r5u,0,G-4,NO_POLITICS,NO_HEALTH,NO_SCIENCE,NO_SPORTS
mIsMCKEVm3Vpazov,0,G-4,NO_POLITICS,NO_HEALTH,NO_SCIENCE,NO_SPORTS
CKjuln4m6u6CPQEn,0,G-4,NO_POLITICS,NO_HEALTH,NO_SCIENCE,NO_SPORTS
Mhqj6oiHdBF99puo,0,G-4,NO_POLITICS,NO_HEALTH,NO_SCIENCE,NO_SPORTS
939AGgf3ZnTbxnsN,0,G-4,NO_POLITICS,NO_HEALTH,NO_SCIENCE,NO_SPORTS
p9UzQ9HW6QkSDstG,0,G-4,NO_POLITICS,NO_HEALTH,NO_SCIENCE,NO_SPORTS
RmPV0a6TDV2kBqoH,0,G-4,NO_POLITICS,NO_HEALTH,NO_SCIENCE,NO_SPORTS
P8jrh0KRw7S0eUOX,0,G-4,NO_POLITICS,NO_HEALTH,NO_SCIENCE,NO_SPORTS
s5jLJZiTwihTC11G,0,G-4,NO_POLITICS,NO_HEALTH,NO_SCIENCE,NO_SPORTS
l9n7uQsTKluXIBBL,0,G-4,NO_POLITICS,NO_HEALTH,NO_SCIENCE,NO_SPORTS
efQrSO42uKiv7RyK,0,G-4,NO_POLITICS,NO_HEALTH,NO_SCIENCE,NO_SPORTS
Wm765kNK5a5rN6wE,0,G-4,NO_POLITICS,NO_HEALTH,NO_SCIENCE,NO_SPORTS
9fNzCWLAlFIBwlLJ,0,G-4,NO_POLITICS,NO_HEALTH,NO_SCIENCE,NO_SPORTS
6ekXr0uZLK5Dvy0U,0,G-4,NO_POLITICS,NO_HEALTH,NO_SCIENCE,NO_SPORTS
UlicemR3AJjYgfAK,0,G-4,NO_POLITICS,NO_HEALTH,NO_SCIENCE,NO_SPORTS
tNkMF2bS8Qq9aa9A,0,G-4,NO_POLITICS,NO_HEALTH,NO_SCIENCE,NO_SPORTS
LQg16gSwbOG76Iat,0,G-4,NO_POLITICS,NO_HEALTH,NO_SCIENCE,NO_SPORTS
1kv0lGg2blsvC7fx,0,G-4,NO_POLITICS,NO_HEALTH,NO_SCIENCE,NO_SPORTS
hDiLZ3WOGwcGoXWx,0,G-4,NO_POLITICS,NO_HEALTH,NO_SCIENCE,NO_SPORTS
AyeETKnLVwvZLU4O,0,G-4,NO_POLITICS,NO_HEALTH,NO_SCIENCE,NO_SPORTS
s90M4MIJuy5zAsuq,0,G-4,NO_POLITICS,NO_HEALTH,NO_SCIENCE,NO_SPORTS
k9MmGT1uWvO13aGx,0,G-4,NO_POLITICS,NO_HEALTH,NO_SCIENCE,NO_SPORTS
JOLHZyADSgwnqPga,0,G-4,NO_POLITICS,NO_HEALTH,NO_SCIENCE,NO_SPORTS
dUOfsJJlyWx2uJPT,0,G-4,NO_POLITICS,NO_HEALTH,NO_SCIENCE,NO_SPORTS
SnpmoACV86zs6rPe,0,G-4,NO_POLITICS,NO_HEALTH,NO_SCIENCE,NO_SPORTS
Noic95AMfdzsNouD,0,G-4,NO_POLITICS,NO_HEALTH,NO_SCIENCE,NO_SPORTS
xYprGUe4WT8eYbL6,0,G-4,NO_POLITICS,NO_HEALTH,NO_SCIENCE,NO_SPORTS
ya7xSk90h7WNhK51,0,G-4,NO_POLITICS,NO_HEALTH,NO_SCIENCE,NO_SPORTS
hQdRxQeHzAFI9tnk,0,G-4,NO_POLITICS,NO_HEALTH,NO_SCIENCE,NO_SPORTS
a01PSuPzieu482Sf,0,G-4,NO_POLITICS,NO_HEALTH,NO_SCIENCE,NO_SPORTS
wqo6jl5GUDgyuAkK,0,G-4,NO_POLITICS,NO_HEALTH,NO_SCIENCE,NO_SPORTS
rIn9rYFOgts7pV50,0,G-4,NO_POLITICS,NO_HEALTH,NO_SCIENCE,NO_SPORTS
14gW5S2B8B3I2AFZ,0,G-4,NO_POLITICS,NO_HEALTH,NO_SCIENCE,NO_SPORTS
ra7LTpldK6JXbqa5,0,G-4,NO_POLITICS,NO_HEALTH,NO_SCIENCE,NO_SPORTS
0Pg2ldUeoVOj3VxU,0,G-4,NO_POLITICS,NO_HEALTH,NO_SCIENCE,NO_SPORTS
Gr8SPiDiBEgtO9mZ,0,G-4,NO_POLITICS,NO_HEALTH,NO_SCIENCE,NO_SPORTS
9GVG68Ly680sBqIu,0,G-4,NO_POLITICS,NO_HEALTH,NO_SCIENCE,NO_SPORTS
8YXQxLy6wtjVdfGm,0,G-4,NO_POLITICS,NO_HEALTH,NO_SCIENCE,NO_SPORTS
FgMaI7TCjhNthkVx,0,G-4,NO_POLITICS,NO_HEALTH,NO_SCIENCE,NO_SPORTS
vfW2jVQIBv7VxSni,0,G-4,NO_POLITICS,NO_HEALTH,NO_SCIENCE,NO_SPORTS
e9H3AT6mRC6ygqv8,0,G-4,NO_POLITICS,NO_HEALTH,NO_SCIENCE,NO_SPORTS
iF65LiJhfz7FfObv,0,G-4,NO_POLITICS,NO_HEALTH,NO_SCIENCE,NO_SPORTS
KLDvVHAsCH8uwfHI,0,G-4,NO_POLITICS,NO_HEALTH,NO_SCIENCE,NO_SPORTS
jjWNdkpi3rxUB07l,0,G-4,NO_POLITICS,NO_HEALTH,NO_SCIENCE,NO_SPORTS
ozSSz6WC0v7xwsMd,0,G-4,NO_POLITICS,NO_HEALTH,NO_SCIENCE,NO_SPORTS
KUSyekoZy3uUi9SF,0,G-4,NO_POLITICS,NO_HEALTH,NO_SCIENCE,NO_SPORTS
iiRji0MgE6bfkcvS,0,G-4,NO_POLITICS,NO_HEALTH,NO_SCIENCE,NO_SPORTS
7ZpEn7oBIdV3Si6b,0,G-4,NO_POLITICS,NO_HEALTH,NO_SCIENCE,NO_SPORTS
zvF97RXx0OORIY37,0,G-4,NO_POLITICS,NO_HEALTH,NO_SCIENCE,NO_SPORTS
DoJJ9s8OrJQUdLE4,0,G-4,NO_POLITICS,NO_HEALTH,NO_SCIENCE,NO_SPORTS
5A0iKVY6G8g8iUUc,0,G-4,NO_POLITICS,NO_HEALTH,NO_SCIENCE,NO_SPORTS
Ozvhx39NsD9xq12b,0,G-4,NO_POLITICS,NO_HEALTH,NO_SCIENCE,NO_SPORTS
Vy62WHLEkL0KaAp1,0,G-4,NO_POLITICS,NO_HEALTH,NO_SCIENCE,NO_SPORTS
zUZNWuEyAXcRhhWb,0,G-4,NO_POLITICS,NO_HEALTH,NO_SCIENCE,NO_SPORTS
MsSoEwr4RmmYy1JE,0,G-4,NO_POLITICS,NO_HEALTH,NO_SCIENCE,NO_SPORTS
Lvc9sRPP1RRTXUbx,0,G-4,NO_POLITICS,NO_HEALTH,NO_SCIENCE,NO_SPORTS
skZKXWMVQm4M2yDW,0,G-4,NO_POLITICS,NO_HEALTH,NO_SCIENCE,NO_SPORTS
oX4unT6cb6gyEjso,0,G-4,NO_POLITICS,NO_HEALTH,NO_SCIENCE,NO_SPORTS
d97X1SaR5ttzuuMZ,0,G-4,NO_POLITICS,NO_HEALTH,NO_SCIENCE,NO_SPORTS
TdV5vQ3OshqNfOa5,0,G-4,NO_POLITICS,NO_HEALTH,NO_SCIENCE,NO_SPORTS
znsUKhQf2vulvOSS,0,G-4,NO_POLITICS,NO_HEALTH,NO_SCIENCE,NO_SPORTS
coX7FmCgxlq9I3K3,0,G-4,NO_POLITICS,NO_HEALTH,NO_SCIENCE,NO_SPORTS
roVZ9gy6TpJ5mLuM,0,G-4,NO_POLITICS,NO_HEALTH,NO_SCIENCE,NO_SPORTS
NiiLvQVCxCLogOly,0,G-4,NO_POLITICS,NO_HEALTH,NO_SCIENCE,NO_SPORTS
xJwY8oLZic8lVOm6,0,G-4,NO_POLITICS,NO_HEALTH,NO_SCIENCE,NO_SPORTS
VbKQhZ1CR9KP0NGB,0,G-4,NO_POLITICS,NO_HEALTH,NO_SCIENCE,NO_SPORTS
YqdSJeCwEJwpgJSo,0,G-4,NO_POLITICS,NO_HEALTH,NO_SCIENCE,NO_SPORTS
caguQBkl3w3951qW,0,G-4,NO_POLITICS,NO_HEALTH,NO_SCIENCE,NO_SPORTS
u0qVyjW2FMzsqWwp,0,G-4,NO_POLITICS,NO_HEALTH,NO_SCIENCE,NO_SPORTS
hbU4SaTIzxGv9mNl,0,G-4,NO_POLITICS,NO_HEALTH,NO_SCIENCE,NO_SPORTS
EFuwvvMfR3056fjX,0,G-4,NO_POLITICS,NO_HEALTH,NO_SCIENCE,NO_SPORTS
eJIBZQhTMkYK05Pz,0,G-4,NO_POLITICS,NO_HEALTH,NO_SCIENCE,NO_SPORTS
yJBNTwJuW6cv5jeq,0,G-4,NO_POLITICS,NO_HEALTH,NO_SCIENCE,NO_SPORTS
iEhsqG5PJdk3MNCk,0,G-4,NO_POLITICS,NO_HEALTH,NO_SCIENCE,NO_SPORTS
wmWebmjW9sil5t0d,0,G-4,NO_POLITICS,NO_HEALTH,NO_SCIENCE,NO_SPORTS
Y34UtS8sliB90sZb,0,G-4,NO_POLITICS,NO_HEALTH,NO_SCIENCE,NO_SPORTS
iPT8ans3D8WRWbYM,0,G-4,NO_POLITICS,NO_HEALTH,NO_SCIENCE,NO_SPORTS
CLvNfC1JPRxp3cpJ,0,G-4,NO_POLITICS,NO_HEALTH,NO_SCIENCE,NO_SPORTS
ZvTplZB7oUCVEoF1,0,G-4,NO_POLITICS,NO_HEALTH,NO_SCIENCE,NO_SPORTS
ngfSBTxMxHq2EWGt,0,G-4,NO_POLITICS,NO_HEALTH,NO_SCIENCE,NO_SPORTS
d5OFXiUxsTjYdHtZ,0,G-4,NO_POLITICS,NO_HEALTH,NO_SCIENCE,NO_SPORTS
5lwLca1YoqMii4EV,0,G-4,NO_POLITICS,NO_HEALTH,NO_SCIENCE,NO_SPORTS
hEmiGNnlRCsW2Dxt,0,G-4,NO_POLITICS,NO_HEALTH,NO_SCIENCE,NO_SPORTS
RZVH3iEC3b8X79WU,0,G-4,NO_POLITICS,NO_HEALTH,NO_SCIENCE,NO_SPORTS
cG8dNDBXlVrLD4aP,0,G-4,NO_POLITICS,NO_HEALTH,NO_SCIENCE,NO_SPORTS
ntFNguE1swdf8z02,0,G-4,NO_POLITICS,NO_HEALTH,NO_SCIENCE,NO_SPORTS
LobHXXnfhsExJHBe,0,G-4,NO_POLITICS,NO_HEALTH,NO_SCIENCE,NO_SPORTS
Wj2XDdjigHKhVTma,0,G-4,NO_POLITICS,NO_HEALTH,NO_SCIENCE,NO_SPORTS
NtXSpkyEEtt3HfOG,0,G-4,NO_POLITICS,NO_HEALTH,NO_SCIENCE,NO_SPORTS
EdWqaXtAwUv3JWtt,0,G-4,NO_POLITICS,NO_HEALTH,NO_SCIENCE,NO_SPORTS
36YsttSdJnVo7QbH,0,G-4,NO_POLITICS,NO_HEALTH,NO_SCIENCE,NO_SPORTS
i0P2O3Soi2aBecjt,0,G-4,NO_POLITICS,NO_HEALTH,NO_SCIENCE,NO_SPORTS
jk13s8Q7ARhsG06v,0,G-4,NO_POLITICS,NO_HEALTH,NO_SCIENCE,NO_SPORTS
ABeRJzxhN1uNzero,0,G-4,NO_POLITICS,NO_HEALTH,NO_SCIENCE,NO_SPORTS
807qI3YuPGPZKQXW,0,G-4,NO_POLITICS,NO_HEALTH,NO_SCIENCE,NO_SPORTS
LXMq4y4J8W58c9wH,0,G-4,NO_POLITICS,NO_HEALTH,NO_SCIENCE,NO_SPORTS
xy3MHHYh9KbIpogS,0,G-4,NO_POLITICS,NO_HEALTH,NO_SCIENCE,NO_SPORTS
VDJU7u0ApalOtBTF,0,G-4,NO_POLITICS,NO_HEALTH,NO_SCIENCE,NO_SPORTS
DSXfGrEJbjg0rJd7,0,G-4,NO_POLITICS,NO_HEALTH,NO_SCIENCE,NO_SPORTS
uuQb72chsHphAkQa,0,G-4,NO_POLITICS,NO_HEALTH,NO_SCIENCE,NO_SPORTS
ikeNnlwShoYSDDnj,0,G-4,NO_POLITICS,NO_HEALTH,NO_SCIENCE,NO_SPORTS
anKuLqIoDMwEnRx0,0,G-4,NO_POLITICS,NO_HEALTH,NO_SCIENCE,NO_SPORTS
0NRAE3nXJ7K5tqC2,0,G-4,NO_POLITICS,NO_HEALTH,NO_SCIENCE,NO_SPORTS
xDybXwaaIhmFWJgC,0,G-4,NO_POLITICS,NO_HEALTH,NO_SCIENCE,NO_SPORTS
cWCYsfA2jruIsOYM,0,G-4,NO_POLITICS,NO_HEALTH,NO_SCIENCE,NO_SPORTS
0Rj2W65ySPuIRRzV,0,G-4,NO_POLITICS,NO_HEALTH,NO_SCIENCE,NO_SPORTS
GUjv5l1kLqBsssqr,0,G-4,NO_POLITICS,NO_HEALTH,NO_SCIENCE,NO_SPORTS
RFOrWXAQX1PO0HFZ,0,G-4,NO_POLITICS,NO_HEALTH,NO_SCIENCE,NO_SPORTS
P191ezqShWOHbDTs,0,G-4,NO_POLITICS,NO_HEALTH,NO_SCIENCE,NO_SPORTS
KjJa8cDVcGDXYCoI,0,G-4,NO_POLITICS,NO_HEALTH,NO_SCIENCE,NO_SPORTS
kgQOFPXQA5KyFlzt,0,G-4,NO_POLITICS,NO_HEALTH,NO_SCIENCE,NO_SPORTS
Ct5lgNC0MclPUuSF,0,G-4,NO_POLITICS,NO_HEALTH,NO_SCIENCE,NO_SPORTS
HLRl83fD7kXrVZoc,0,G-4,NO_POLITICS,NO_HEALTH,NO_SCIENCE,NO_SPORTS
GxK9EE09nBNB6Nja,0,G-4,NO_POLITICS,NO_HEALTH,NO_SCIENCE,NO_SPORTS
5WjhcZVnygxySQMU,0,G-4,NO_POLITICS,NO_HEALTH,NO_SCIENCE,NO_SPORTS
jtfTRy9KeiSDtOvL,0,G-4,NO_POLITICS,NO_HEALTH,NO_SCIENCE,NO_SPORTS
RZqces67gSGlGpMl,0,G-4,NO_POLITICS,NO_HEALTH,NO_SCIENCE,NO_SPORTS
yD6rOuipJhjRVdX1,0,G-4,NO_POLITICS,NO_HEALTH,NO_SCIENCE,NO_SPORTS
BHQ3v48ivNU0J8XZ,0,G-4,NO_POLITICS,NO_HEALTH,NO_SCIENCE,NO_SPORTS
KaiSdDprsYLLNhje,0,G-4,NO_POLITICS,NO_HEALTH,NO_SCIENCE,NO_SPORTS
HOO4ur5obRlBT92i,0,G-4,NO_POLITICS,NO_HEALTH,NO_SCIENCE,NO_SPORTS
NenqCw3e1M5UZDxK,0,G-4,NO_POLITICS,NO_HEALTH,NO_SCIENCE,NO_SPORTS
65pRe28eJ05FydRg,0,G-4,NO_POLITICS,NO_HEALTH,NO_SCIENCE,NO_SPORTS
GvUK4drOx9UIARsY,0,G-4,NO_POLITICS,NO_HEALTH,NO_SCIENCE,NO_SPORTS
PFWxZs762QJRINYX,0,G-4,NO_POLITICS,NO_HEALTH,NO_SCIENCE,NO_SPORTS
zkChMbyIbNiCdxnu,0,G-4,NO_POLITICS,NO_HEALTH,NO_SCIENCE,NO_SPORTS
qR4JF6EB0WWHa7YD,0,G-4,NO_POLITICS,NO_HEALTH,NO_SCIENCE,NO_SPORTS
SqhyFLTUrs6u8geA,0,G-4,NO_POLITICS,NO_HEALTH,NO_SCIENCE,NO_SPORTS
Axxmw4ziCQizoXDo,0,G-4,NO_POLITICS,NO_HEALTH,NO_SCIENCE,NO_SPORTS
QfwM7OhYbfgp84PE,0,G-4,NO_POLITICS,NO_HEALTH,NO_SCIENCE,NO_SPORTS
Irj3Ofx7LMooj84u,0,G-4,NO_POLITICS,NO_HEALTH,NO_SCIENCE,NO_SPORTS
U0wnqdA1WbP5yL1U,0,G-4,NO_POLITICS,NO_HEALTH,NO_SCIENCE,NO_SPORTS
NgbSTW0BoZTAkwnV,0,G-4,NO_POLITICS,NO_HEALTH,NO_SCIENCE,NO_SPORTS
24kriwPw4FdDKts8,0,G-4,NO_POLITICS,NO_HEALTH,NO_SCIENCE,NO_SPORTS
dUwTlseAzANbOJqd,0,G-4,NO_POLITICS,NO_HEALTH,NO_SCIENCE,NO_SPORTS
8Er6Rf8wUbj3ZduG,0,G-4,NO_POLITICS,NO_HEALTH,NO_SCIENCE,NO_SPORTS
Rt5nKLDYQwoprJBM,0,G-4,NO_POLITICS,NO_HEALTH,NO_SCIENCE,NO_SPORTS
bSRnLBT7ln4VOB2K,0,G-4,NO_POLITICS,NO_HEALTH,NO_SCIENCE,NO_SPORTS
qnpRC9NXpxWoF0vK,0,G-4,NO_POLITICS,NO_HEALTH,NO_SCIENCE,NO_SPORTS
lsl2rntVeEnvWXFy,0,G-4,NO_POLITICS,NO_HEALTH,NO_SCIENCE,NO_SPORTS
XRIhIlMJdJlD3h6l,0,G-4,NO_POLITICS,NO_HEALTH,NO_SCIENCE,NO_SPORTS
INByQcS6kpeD3f84,0,G-4,NO_POLITICS,NO_HEALTH,NO_SCIENCE,NO_SPORTS
GJ1FhXsPI2kBhPon,0,G-4,NO_POLITICS,NO_HEALTH,NO_SCIENCE,NO_SPORTS
DnNFpBxbEJEY58XU,0,G-4,NO_POLITICS,NO_HEALTH,NO_SCIENCE,NO_SPORTS
NQx8G3VDFsjxwvtM,0,G-4,NO_POLITICS,NO_HEALTH,NO_SCIENCE,NO_SPORTS
pnUN7pPeuylwtxmb,0,G-4,NO_POLITICS,NO_HEALTH,NO_SCIENCE,NO_SPORTS
JTr2CRSsMYkp3TC4,0,G-4,NO_POLITICS,NO_HEALTH,NO_SCIENCE,NO_SPORTS
uXQKXF388W6KYuUY,0,G-4,NO_POLITICS,NO_HEALTH,NO_SCIENCE,NO_SPORTS
S4Jv2UHuZ1dftnHQ,0,G-4,NO_POLITICS,NO_HEALTH,NO_SCIENCE,NO_SPORTS
v7uVTnV75QymCtPu,0,G-4,NO_POLITICS,NO_HEALTH,NO_SCIENCE,NO_SPORTS
Cyfa4ID9iX6Fqexj,0,G-4,NO_POLITICS,NO_HEALTH,NO_SCIENCE,NO_SPORTS
BczTV5V6mLThmuoH,0,G-4,NO_POLITICS,NO_HEALTH,NO_SCIENCE,NO_SPORTS
u7E6gNBSrk80PyiD,0,G-4,NO_POLITICS,NO_HEALTH,NO_SCIENCE,NO_SPORTS
rZoSdHVsH6la7FE3,0,G-4,NO_POLITICS,NO_HEALTH,NO_SCIENCE,NO_SPORTS
NAr8QpZZTGCexj8N,0,G-4,NO_POLITICS,NO_HEALTH,NO_SCIENCE,NO_SPORTS
NRjNFaxrbXZqzwsD,0,G-4,NO_POLITICS,NO_HEALTH,NO_SCIENCE,NO_SPORTS
Xh4ZSVbWmUXpypLI,0,G-4,NO_POLITICS,NO_HEALTH,NO_SCIENCE,NO_SPORTS
h3PsqIACLJdCiSDq,0,G-4,NO_POLITICS,NO_HEALTH,NO_SCIENCE,NO_SPORTS
nog9hgiVRIcuhrLt,0,G-4,NO_POLITICS,NO_HEALTH,NO_SCIENCE,NO_SPORTS
UBz8zXv15Ux9iw8x,0,G-4,NO_POLITICS,NO_HEALTH,NO_SCIENCE,NO_SPORTS
mmLAbribXveVHdOY,0,G-4,NO_POLITICS,NO_HEALTH,NO_SCIENCE,NO_SPORTS
DzoaM8KDNggt9JV3,0,G-4,NO_POLITICS,NO_HEALTH,NO_SCIENCE,NO_SPORTS
uBBrdwMvwymlZKHu,0,G-4,NO_POLITICS,NO_HEALTH,NO_SCIENCE,NO_SPORTS
jzQ1fgUKx7tirfIL,0,G-4,NO_POLITICS,NO_HEALTH,NO_SCIENCE,NO_SPORTS
gYHIiI39Ev5K9HZN,0,G-4,NO_POLITICS,NO_HEALTH,NO_SCIENCE,NO_SPORTS
ThRRk7GWSkhWq2Vb,0,G-4,NO_POLITICS,NO_HEALTH,NO_SCIENCE,NO_SPORTS
t5wlHnfw3a5JlZoO,0,G-4,NO_POLITICS,NO_HEALTH,NO_SCIENCE,NO_SPORTS
QQfJZaGxEv4gjnl3,0,G-4,NO_POLITICS,NO_HEALTH,NO_SCIENCE,NO_SPORTS
bW0EGc0EQHLlbOTF,0,G-4,NO_POLITICS,NO_HEALTH,NO_SCIENCE,NO_SPORTS
QYTw42UtRKlM8nxg,0,G-4,NO_POLITICS,NO_HEALTH,NO_SCIENCE,NO_SPORTS
IshQNUxELLCkxToS,0,G-4,NO_POLITICS,NO_HEALTH,NO_SCIENCE,NO_SPORTS
5NndiwwuLwLlV8Uu,0,G-4,NO_POLITICS,NO_HEALTH,NO_SCIENCE,NO_SPORTS
7cxooaORx84Jh51p,0,G-4,NO_POLITICS,NO_HEALTH,NO_SCIENCE,NO_SPORTS
N1LgGGvkVaMSLMyd,0,G-4,NO_POLITICS,NO_HEALTH,NO_SCIENCE,NO_SPORTS
Mqcg17apRE6vhREE,0,G-4,NO_POLITICS,NO_HEALTH,NO_SCIENCE,NO_SPORTS
t64ZBgy4A16ey9dq,0,G-4,NO_POLITICS,NO_HEALTH,NO_SCIENCE,NO_SPORTS
SrcwFm8ttDd5gjoO,0,G-4,NO_POLITICS,NO_HEALTH,NO_SCIENCE,NO_SPORTS
7Eb1fL13zwOf6Sig,0,G-4,NO_POLITICS,NO_HEALTH,NO_SCIENCE,NO_SPORTS
MNTpYa0sjyeyCfCN,0,G-4,NO_POLITICS,NO_HEALTH,NO_SCIENCE,NO_SPORTS
LVvSbYn1iohieQWe,0,G-4,NO_POLITICS,NO_HEALTH,NO_SCIENCE,NO_SPORTS
KEKjjgSHcB13FWuX,0,G-4,NO_POLITICS,NO_HEALTH,NO_SCIENCE,NO_SPORTS
YVgSEmIGCaPonPWF,0,G-4,NO_POLITICS,NO_HEALTH,NO_SCIENCE,NO_SPORTS
MffNnByyDx5ySIqz,0,G-4,NO_POLITICS,NO_HEALTH,NO_SCIENCE,NO_SPORTS
eCYE86ihRfvFDBey,0,G-4,NO_POLITICS,NO_HEALTH,NO_SCIENCE,NO_SPORTS
mMGiHQj91aRfjgTk,0,G-4,NO_POLITICS,NO_HEALTH,NO_SCIENCE,NO_SPORTS
Ors1i4aWux6PnkJz,0,G-4,NO_POLITICS,NO_HEALTH,NO_SCIENCE,NO_SPORTS
lky9gKMGZreLqNRf,0,G-4,NO_POLITICS,NO_HEALTH,NO_SCIENCE,NO_SPORTS
FLWWmEtNQnU4hTwX,0,G-4,NO_POLITICS,NO_HEALTH,NO_SCIENCE,NO_SPORTS
bKPckrWMdOayq0O1,0,G-4,NO_POLITICS,NO_HEALTH,NO_SCIENCE,NO_SPORTS
yNvNlyGxGHbKzobl,0,G-4,NO_POLITICS,NO_HEALTH,NO_SCIENCE,NO_SPORTS
ABs1jA5amXdFbxma,0,G-4,NO_POLITICS,NO_HEALTH,NO_SCIENCE,NO_SPORTS
NyuG8qdHwwMwKDpp,0,G-4,NO_POLITICS,NO_HEALTH,NO_SCIENCE,NO_SPORTS
CAcC5hbZvjs1aY7h,0,G-4,NO_POLITICS,NO_HEALTH,NO_SCIENCE,NO_SPORTS
GAEZHhAlmI5wOwLY,0,G-4,NO_POLITICS,NO_HEALTH,NO_SCIENCE,NO_SPORTS
6wKP5fB0IKfTJQIM,0,G-4,NO_POLITICS,NO_HEALTH,NO_SCIENCE,NO_SPORTS
N0hXjU1qXdYJbXDe,0,G-4,NO_POLITICS,NO_HEALTH,NO_SCIENCE,NO_SPORTS
MKt3Et9fHAZx4gyX,0,G-4,NO_POLITICS,NO_HEALTH,NO_SCIENCE,NO_SPORTS
YXyOUlX6A1bgOgjW,0,G-4,NO_POLITICS,NO_HEALTH,NO_SCIENCE,NO_SPORTS
GxOVFiYOE4yV7chC,0,G-4,NO_POLITICS,NO_HEALTH,NO_SCIENCE,NO_SPORTS
PdybAQVDXNlBcXT1,0,G-4,NO_POLITICS,NO_HEALTH,NO_SCIENCE,NO_SPORTS
l4EtHSgAvyU00Bew,0,G-4,NO_POLITICS,NO_HEALTH,NO_SCIENCE,NO_SPORTS
pkhUJHO5ET5LABu6,0,G-4,NO_POLITICS,NO_HEALTH,NO_SCIENCE,NO_SPORTS
9yxCRCzNV5wCliND,0,G-4,NO_POLITICS,NO_HEALTH,NO_SCIENCE,NO_SPORTS
o9xb50OXirZRiRBa,0,G-4,NO_POLITICS,NO_HEALTH,NO_SCIENCE,NO_SPORTS
yycakOrrZ3BGHGko,0,G-4,NO_POLITICS,NO_HEALTH,NO_SCIENCE,NO_SPORTS
dzxW0vZS1bSsv33Y,0,G-4,NO_POLITICS,NO_HEALTH,NO_SCIENCE,NO_SPORTS
qn8AyXJcaIASTUm1,0,G-4,NO_POLITICS,NO_HEALTH,NO_SCIENCE,NO_SPORTS
8LCohH0bsM4SusM2,0,G-4,NO_POLITICS,NO_HEALTH,NO_SCIENCE,NO_SPORTS
6tgrwq11YEvWwnJ4,0,G-4,NO_POLITICS,NO_HEALTH,NO_SCIENCE,NO_SPORTS
DacBrCpJEuhbJ3JP,0,G-4,NO_POLITICS,NO_HEALTH,NO_SCIENCE,NO_SPORTS
150IEoSMYziYTOoy,0,G-4,NO_POLITICS,NO_HEALTH,NO_SCIENCE,NO_SPORTS
LT2PWfa1d0t3mjn0,0,G-4,NO_POLITICS,NO_HEALTH,NO_SCIENCE,NO_SPORTS
GWl1YV20vaAnaPnd,0,G-4,NO_POLITICS,NO_HEALTH,NO_SCIENCE,NO_SPORTS
oUx3ftBfnPeKIinb,0,G-4,NO_POLITICS,NO_HEALTH,NO_SCIENCE,NO_SPORTS
V2nrABamfJbT8Aep,0,G-4,NO_POLITICS,NO_HEALTH,NO_SCIENCE,NO_SPORTS
anxvyBfAZCyn2l3N,0,G-4,NO_POLITICS,NO_HEALTH,NO_SCIENCE,NO_SPORTS
bCByq7dkyvXkaqFr,0,G-4,NO_POLITICS,NO_HEALTH,NO_SCIENCE,NO_SPORTS
uBdxJolimE5yvp7c,0,G-4,NO_POLITICS,NO_HEALTH,NO_SCIENCE,NO_SPORTS
V5NuCpBx8qHoJr2o,0,G-4,NO_POLITICS,NO_HEALTH,NO_SCIENCE,NO_SPORTS
P4XTx6IIhaKH6sU4,0,G-4,NO_POLITICS,NO_HEALTH,NO_SCIENCE,NO_SPORTS
ntMzSwU8ozhEJMYq,0,G-4,NO_POLITICS,NO_HEALTH,NO_SCIENCE,NO_SPORTS
xj5eZffTYIKIuhvP,0,G-4,NO_POLITICS,NO_HEALTH,NO_SCIENCE,NO_SPORTS
RzLRHZaqY4qqT1hq,0,G-4,NO_POLITICS,NO_HEALTH,NO_SCIENCE,NO_SPORTS
lPE37vO0QBDUZW45,0,G-4,NO_POLITICS,NO_HEALTH,NO_SCIENCE,NO_SPORTS
mXioWzATYrGkFEa4,0,G-4,NO_POLITICS,NO_HEALTH,NO_SCIENCE,NO_SPORTS
VMqPYORDk6DFygvO,0,G-4,NO_POLITICS,NO_HEALTH,NO_SCIENCE,NO_SPORTS
FyQOPKbeT3nGal7I,0,G-4,NO_POLITICS,NO_HEALTH,NO_SCIENCE,NO_SPORTS
874g3oMsLQIwgpqz,0,G-4,NO_POLITICS,NO_HEALTH,NO_SCIENCE,NO_SPORTS
cUfA4z6hTeT4qwCL,0,G-4,NO_POLITICS,NO_HEALTH,NO_SCIENCE,NO_SPORTS
A4wrG6FVlfUH2ZQs,0,G-4,NO_POLITICS,NO_HEALTH,NO_SCIENCE,NO_SPORTS
kUAH4HEyINjobqop,0,G-4,NO_POLITICS,NO_HEALTH,NO_SCIENCE,NO_SPORTS
9kiQ5VrxesyxEmns,0,G-4,NO_POLITICS,NO_HEALTH,NO_SCIENCE,NO_SPORTS
OCDvCVmfiQuobm1u,0,G-4,NO_POLITICS,NO_HEALTH,NO_SCIENCE,NO_SPORTS
eiDjlaFSE568xENK,0,G-4,NO_POLITICS,NO_HEALTH,NO_SCIENCE,NO_SPORTS
XksxLRffnV3Y18uu,0,G-4,NO_POLITICS,NO_HEALTH,NO_SCIENCE,NO_SPORTS
tQIQEq32Liwph8ua,0,G-4,NO_POLITICS,NO_HEALTH,NO_SCIENCE,NO_SPORTS
y5Kcnm1ys3J6xIif,0,G-4,NO_POLITICS,NO_HEALTH,NO_SCIENCE,NO_SPORTS
kllMVqQr7XUARHF2,0,G-4,NO_POLITICS,NO_HEALTH,NO_SCIENCE,NO_SPORTS
4RzoX67nWZGI7tv6,0,G-4,NO_POLITICS,NO_HEALTH,NO_SCIENCE,NO_SPORTS
cu3GlNWwDK1hpcrA,0,G-4,NO_POLITICS,NO_HEALTH,NO_SCIENCE,NO_SPORTS
cuVTKr88qReOfMlI,0,G-4,NO_POLITICS,NO_HEALTH,NO_SCIENCE,NO_SPORTS
BGPCCIt2brzhjpzs,0,G-4,NO_POLITICS,NO_HEALTH,NO_SCIENCE,NO_SPORTS
j7EGpEDMX0oLGEuR,0,G-4,NO_POLITICS,NO_HEALTH,NO_SCIENCE,NO_SPORTS
VfWlTDjVtiezB0n3,0,G-4,NO_POLITICS,NO_HEALTH,NO_SCIENCE,NO_SPORTS
B95cwREE01hf1lkF,0,G-4,NO_POLITICS,NO_HEALTH,NO_SCIENCE,NO_SPORTS
Ii7dQzHMk5wigoxI,0,G-4,NO_POLITICS,NO_HEALTH,NO_SCIENCE,NO_SPORTS
0mbC8h0TYYlx3GVl,0,G-4,NO_POLITICS,NO_HEALTH,NO_SCIENCE,NO_SPORTS
5ldqchyZhIGaMq1l,0,G-4,NO_POLITICS,NO_HEALTH,NO_SCIENCE,NO_SPORTS
27gwceUm80PeBw9y,0,G-4,NO_POLITICS,NO_HEALTH,NO_SCIENCE,NO_SPORTS
LNff61XfbIbf0PNc,0,G-4,NO_POLITICS,NO_HEALTH,NO_SCIENCE,NO_SPORTS
Y7TedDb0ioGYwJu2,0,G-4,NO_POLITICS,NO_HEALTH,NO_SCIENCE,NO_SPORTS
ddi0naheAZlrCDQP,0,G-4,NO_POLITICS,NO_HEALTH,NO_SCIENCE,NO_SPORTS
KZdnkGv14Yoz0P72,0,G-4,NO_POLITICS,NO_HEALTH,NO_SCIENCE,NO_SPORTS
hswIdRYw11oRytxx,0,G-4,NO_POLITICS,NO_HEALTH,NO_SCIENCE,NO_SPORTS
vzOFjnZmlX0059CI,0,G-4,NO_POLITICS,NO_HEALTH,NO_SCIENCE,NO_SPORTS
kEpWxMdbx2WL17xl,0,G-4,NO_POLITICS,NO_HEALTH,NO_SCIENCE,NO_SPORTS
pvr6SgYzV2amgcLR,0,G-4,NO_POLITICS,NO_HEALTH,NO_SCIENCE,NO_SPORTS
vqTFpFp0W0oC9Ym2,0,G-4,NO_POLITICS,NO_HEALTH,NO_SCIENCE,NO_SPORTS
FdNIh76aEgv7SBm8,0,G-4,NO_POLITICS,NO_HEALTH,NO_SCIENCE,NO_SPORTS
xHUQHWofKmFEH4qe,0,G-4,NO_POLITICS,NO_HEALTH,NO_SCIENCE,NO_SPORTS
wsrVpOBA8QLlnzaO,0,G-4,NO_POLITICS,NO_HEALTH,NO_SCIENCE,NO_SPORTS
o7xccXliMLNyDthM,0,G-4,NO_POLITICS,NO_HEALTH,NO_SCIENCE,NO_SPORTS
Sah225y6DfpWaipZ,0,G-4,NO_POLITICS,NO_HEALTH,NO_SCIENCE,NO_SPORTS
TDZo9nJsA4qES5mU,0,G-4,NO_POLITICS,NO_HEALTH,NO_SCIENCE,NO_SPORTS
5MSmeHv5ei29UYru,0,G-4,NO_POLITICS,NO_HEALTH,NO_SCIENCE,NO_SPORTS
yuIRRj7afj5Adnec,0,G-4,NO_POLITICS,NO_HEALTH,NO_SCIENCE,NO_SPORTS
7wBBfscDElhEQ50E,0,G-4,NO_POLITICS,NO_HEALTH,NO_SCIENCE,NO_SPORTS
OmvsUJkJdlJMTKTo,0,G-4,NO_POLITICS,NO_HEALTH,NO_SCIENCE,NO_SPORTS
MfMFPjWC990X6oGo,0,G-4,NO_POLITICS,NO_HEALTH,NO_SCIENCE,NO_SPORTS
yyzoYlFcfvTxkLCa,0,G-4,NO_POLITICS,NO_HEALTH,NO_SCIENCE,NO_SPORTS
zc5xJmBp4SFEQRO5,0,G-4,NO_POLITICS,NO_HEALTH,NO_SCIENCE,NO_SPORTS
XlW1lLaY0h1cengt,0,G-4,NO_POLITICS,NO_HEALTH,NO_SCIENCE,NO_SPORTS
boffKPQBu09LdqOp,0,G-4,NO_POLITICS,NO_HEALTH,NO_SCIENCE,NO_SPORTS
9Y6PxdwugCRS3iL1,0,G-4,NO_POLITICS,NO_HEALTH,NO_SCIENCE,NO_SPORTS
fZonaZ8rTnkZ3dTy,0,G-4,NO_POLITICS,NO_HEALTH,NO_SCIENCE,NO_SPORTS
yqu9ysV32fK4tyo1,0,G-4,NO_POLITICS,NO_HEALTH,NO_SCIENCE,NO_SPORTS
PAG728HObfwWILfw,0,G-4,NO_POLITICS,NO_HEALTH,NO_SCIENCE,NO_SPORTS
0GHoG2xHG1S8ObKb,0,G-4,NO_POLITICS,NO_HEALTH,NO_SCIENCE,NO_SPORTS
3r7grRE2GMs8HivB,0,G-4,NO_POLITICS,NO_HEALTH,NO_SCIENCE,NO_SPORTS
rA9Odz19aLmT91nA,0,G-4,NO_POLITICS,NO_HEALTH,NO_SCIENCE,NO_SPORTS
f0n4tBMsNtacFvQq,0,G-4,NO_POLITICS,NO_HEALTH,NO_SCIENCE,NO_SPORTS
bFyhKksnW2TeKkjl,0,G-4,NO_POLITICS,NO_HEALTH,NO_SCIENCE,NO_SPORTS
FuUPbVEPRIcKmKaR,0,G-4,NO_POLITICS,NO_HEALTH,NO_SCIENCE,NO_SPORTS
5rHhraHsUTAqh6sj,0,G-4,NO_POLITICS,NO_HEALTH,NO_SCIENCE,NO_SPORTS
9hJrpjv2eo5ndLAP,0,G-4,NO_POLITICS,NO_HEALTH,NO_SCIENCE,NO_SPORTS
3TuK4MXqlRYjANDH,0,G-4,NO_POLITICS,NO_HEALTH,NO_SCIENCE,NO_SPORTS
yaY2CddZOugsDudT,0,G-4,NO_POLITICS,NO_HEALTH,NO_SCIENCE,NO_SPORTS
rAo4keMpc2e1OoJn,0,G-4,NO_POLITICS,NO_HEALTH,NO_SCIENCE,NO_SPORTS
SU3W9esPcL6wT5xs,0,G-4,NO_POLITICS,NO_HEALTH,NO_SCIENCE,NO_SPORTS
DpF8wBGADXAEQLjZ,0,G-4,NO_POLITICS,NO_HEALTH,NO_SCIENCE,NO_SPORTS
kFgvXkoIlIrHD1Gw,0,G-4,NO_POLITICS,NO_HEALTH,NO_SCIENCE,NO_SPORTS
cZPJhPPKdJcBDTM4,0,G-4,NO_POLITICS,NO_HEALTH,NO_SCIENCE,NO_SPORTS
sAJMjcCWFQQr05fe,0,G-4,NO_POLITICS,NO_HEALTH,NO_SCIENCE,NO_SPORTS
0pKGytvukFhF4vTY,0,G-4,NO_POLITICS,NO_HEALTH,NO_SCIENCE,NO_SPORTS
Nu4cvdKJeMCtbXMf,0,G-4,NO_POLITICS,NO_HEALTH,NO_SCIENCE,NO_SPORTS
LQb0PRYwFsRyYo9t,0,G-4,NO_POLITICS,NO_HEALTH,NO_SCIENCE,NO_SPORTS
25ZWty46DJ7fvTod,0,G-4,NO_POLITICS,NO_HEALTH,NO_SCIENCE,NO_SPORTS
JnTEWi0JkfaPkDIX,0,G-4,NO_POLITICS,NO_HEALTH,NO_SCIENCE,NO_SPORTS
0CfUUXssLETHwIze,0,G-4,NO_POLITICS,NO_HEALTH,NO_SCIENCE,NO_SPORTS
LAj9AbLehgHeNwuq,0,G-4,NO_POLITICS,NO_HEALTH,NO_SCIENCE,NO_SPORTS
TgWCwsXJmr3muEHn,0,G-4,NO_POLITICS,NO_HEALTH,NO_SCIENCE,NO_SPORTS
pzX79NbQv9DUURzf,0,G-4,NO_POLITICS,NO_HEALTH,NO_SCIENCE,NO_SPORTS
0TRLCuDB33RLkovE,0,G-4,NO_POLITICS,NO_HEALTH,NO_SCIENCE,NO_SPORTS
vaiTuTTPIBxfxta3,0,G-4,NO_POLITICS,NO_HEALTH,NO_SCIENCE,NO_SPORTS
IpJNBTNdhP0pm9AL,0,G-4,NO_POLITICS,NO_HEALTH,NO_SCIENCE,NO_SPORTS
E8PGGeBqKQAEAtDP,0,G-4,NO_POLITICS,NO_HEALTH,NO_SCIENCE,NO_SPORTS
7P3Iibqv7ObbHNRl,0,G-4,NO_POLITICS,NO_HEALTH,NO_SCIENCE,NO_SPORTS
nj3WEJi3hI7JpYtb,0,G-4,NO_POLITICS,NO_HEALTH,NO_SCIENCE,NO_SPORTS
sDNMUVWef1PFg3Fm,0,G-4,NO_POLITICS,NO_HEALTH,NO_SCIENCE,NO_SPORTS
CfKXhdTH1IyOSYdl,0,G-4,NO_POLITICS,NO_HEALTH,NO_SCIENCE,NO_SPORTS
Mdxsjmc5L6TurNVG,0,G-4,NO_POLITICS,NO_HEALTH,NO_SCIENCE,NO_SPORTS
9EQymdrwhMrE5Ydr,0,G-4,NO_POLITICS,NO_HEALTH,NO_SCIENCE,NO_SPORTS
XoMBiLc5VlntJ6v6,0,G-4,NO_POLITICS,NO_HEALTH,NO_SCIENCE,NO_SPORTS
6bBV2oiAueiuIDJ2,0,G-4,NO_POLITICS,NO_HEALTH,NO_SCIENCE,NO_SPORTS
SBiy1PKvIf2SZ558,0,G-4,NO_POLITICS,NO_HEALTH,NO_SCIENCE,NO_SPORTS
Ll6ejH6FaflQvqrB,0,G-4,NO_POLITICS,NO_HEALTH,NO_SCIENCE,NO_SPORTS
BKk9VcRGOXsQShcx,0,G-4,NO_POLITICS,NO_HEALTH,NO_SCIENCE,NO_SPORTS
UE70Jquszlne99nR,0,G-4,NO_POLITICS,NO_HEALTH,NO_SCIENCE,NO_SPORTS
LQNHJQtUdIVoagPN,0,G-4,NO_POLITICS,NO_HEALTH,NO_SCIENCE,NO_SPORTS
D8w6U54NbKtiD8u9,0,G-4,NO_POLITICS,NO_HEALTH,NO_SCIENCE,NO_SPORTS
1uMDJZwtkKVzi4be,0,G-4,NO_POLITICS,NO_HEALTH,NO_SCIENCE,NO_SPORTS
OeP2I0RzgdS0HFEu,0,G-4,NO_POLITICS,NO_HEALTH,NO_SCIENCE,NO_SPORTS
IGbTNCyiQe1hbaEg,0,G-4,NO_POLITICS,NO_HEALTH,NO_SCIENCE,NO_SPORTS
PkrzhWns6W0f3lCW,0,G-4,NO_POLITICS,NO_HEALTH,NO_SCIENCE,NO_SPORTS
Sv9W2lSdXn3mGwzE,0,G-4,NO_POLITICS,NO_HEALTH,NO_SCIENCE,NO_SPORTS
7MiPhliQaRADL3IK,0,G-4,NO_POLITICS,NO_HEALTH,NO_SCIENCE,NO_SPORTS
tHZB9cdWchYPCQ2j,0,G-4,NO_POLITICS,NO_HEALTH,NO_SCIENCE,NO_SPORTS
GYv2yIEyt3cnKUR2,0,G-4,NO_POLITICS,NO_HEALTH,NO_SCIENCE,NO_SPORTS
uQOdEnP9W0JJGcuc,0,G-4,NO_POLITICS,NO_HEALTH,NO_SCIENCE,NO_SPORTS
fXjk2u3dFBPuFhIx,0,G-4,NO_POLITICS,NO_HEALTH,NO_SCIENCE,NO_SPORTS
fdU0RGiPiTziZ5jf,0,G-4,NO_POLITICS,NO_HEALTH,NO_SCIENCE,NO_SPORTS
